video_id,sport,frame_file,frame_number
video1623,basketball,video1623_frame_000.jpg,0
video1623,basketball,video1623_frame_001.jpg,1
video1623,basketball,video1623_frame_002.jpg,2
video1623,basketball,video1623_frame_003.jpg,3
video1623,basketball,video1623_frame_004.jpg,4
video1623,basketball,video1623_frame_005.jpg,5
video1623,basketball,video1623_frame_006.jpg,6
video1623,basketball,video1623_frame_007.jpg,7
video1623,basketball,video1623_frame_008.jpg,8
video1623,basketball,video1623_frame_009.jpg,9
video1623,basketball,video1623_frame_010.jpg,10
video1623,basketball,video1623_frame_011.jpg,11
video1667,basketball,video1667_frame_000.jpg,0
video1667,basketball,video1667_frame_001.jpg,1
video1667,basketball,video1667_frame_002.jpg,2
video1667,basketball,video1667_frame_003.jpg,3
video1667,basketball,video1667_frame_004.jpg,4
video1667,basketball,video1667_frame_005.jpg,5
video1667,basketball,video1667_frame_006.jpg,6
video1667,basketball,video1667_frame_007.jpg,7
video1667,basketball,video1667_frame_008.jpg,8
video1667,basketball,video1667_frame_009.jpg,9
video1667,basketball,video1667_frame_010.jpg,10
video1667,basketball,video1667_frame_011.jpg,11
video2101,basketball,video2101_frame_000.jpg,0
video2101,basketball,video2101_frame_001.jpg,1
video2101,basketball,video2101_frame_002.jpg,2
video2101,basketball,video2101_frame_003.jpg,3
video2101,basketball,video2101_frame_004.jpg,4
video2101,basketball,video2101_frame_005.jpg,5
video2101,basketball,video2101_frame_006.jpg,6
video2101,basketball,video2101_frame_007.jpg,7
video2101,basketball,video2101_frame_008.jpg,8
video2101,basketball,video2101_frame_009.jpg,9
video2101,basketball,video2101_frame_010.jpg,10
video2101,basketball,video2101_frame_011.jpg,11
video2161,basketball,video2161_frame_000.jpg,0
video2161,basketball,video2161_frame_001.jpg,1
video2161,basketball,video2161_frame_002.jpg,2
video2161,basketball,video2161_frame_003.jpg,3
video2161,basketball,video2161_frame_004.jpg,4
video2161,basketball,video2161_frame_005.jpg,5
video2161,basketball,video2161_frame_006.jpg,6
video2161,basketball,video2161_frame_007.jpg,7
video2161,basketball,video2161_frame_008.jpg,8
video2161,basketball,video2161_frame_009.jpg,9
video2161,basketball,video2161_frame_010.jpg,10
video2161,basketball,video2161_frame_011.jpg,11
video2305,basketball,video2305_frame_000.jpg,0
video2305,basketball,video2305_frame_001.jpg,1
video2305,basketball,video2305_frame_002.jpg,2
video2305,basketball,video2305_frame_003.jpg,3
video2305,basketball,video2305_frame_004.jpg,4
video2305,basketball,video2305_frame_005.jpg,5
video2305,basketball,video2305_frame_006.jpg,6
video2305,basketball,video2305_frame_007.jpg,7
video2305,basketball,video2305_frame_008.jpg,8
video2305,basketball,video2305_frame_009.jpg,9
video2305,basketball,video2305_frame_010.jpg,10
video2305,basketball,video2305_frame_011.jpg,11
video2390,basketball,video2390_frame_000.jpg,0
video2390,basketball,video2390_frame_001.jpg,1
video2390,basketball,video2390_frame_002.jpg,2
video2390,basketball,video2390_frame_003.jpg,3
video2390,basketball,video2390_frame_004.jpg,4
video2390,basketball,video2390_frame_005.jpg,5
video2390,basketball,video2390_frame_006.jpg,6
video2390,basketball,video2390_frame_007.jpg,7
video2390,basketball,video2390_frame_008.jpg,8
video2390,basketball,video2390_frame_009.jpg,9
video2390,basketball,video2390_frame_010.jpg,10
video2390,basketball,video2390_frame_011.jpg,11
video2877,basketball,video2877_frame_000.jpg,0
video2877,basketball,video2877_frame_001.jpg,1
video2877,basketball,video2877_frame_002.jpg,2
video2877,basketball,video2877_frame_003.jpg,3
video2877,basketball,video2877_frame_004.jpg,4
video2877,basketball,video2877_frame_005.jpg,5
video2877,basketball,video2877_frame_006.jpg,6
video2877,basketball,video2877_frame_007.jpg,7
video2877,basketball,video2877_frame_008.jpg,8
video2877,basketball,video2877_frame_009.jpg,9
video2877,basketball,video2877_frame_010.jpg,10
video2877,basketball,video2877_frame_011.jpg,11
video2994,basketball,video2994_frame_000.jpg,0
video2994,basketball,video2994_frame_001.jpg,1
video2994,basketball,video2994_frame_002.jpg,2
video2994,basketball,video2994_frame_003.jpg,3
video2994,basketball,video2994_frame_004.jpg,4
video2994,basketball,video2994_frame_005.jpg,5
video2994,basketball,video2994_frame_006.jpg,6
video2994,basketball,video2994_frame_007.jpg,7
video2994,basketball,video2994_frame_008.jpg,8
video2994,basketball,video2994_frame_009.jpg,9
video2994,basketball,video2994_frame_010.jpg,10
video2994,basketball,video2994_frame_011.jpg,11
video3050,basketball,video3050_frame_000.jpg,0
video3050,basketball,video3050_frame_001.jpg,1
video3050,basketball,video3050_frame_002.jpg,2
video3050,basketball,video3050_frame_003.jpg,3
video3050,basketball,video3050_frame_004.jpg,4
video3050,basketball,video3050_frame_005.jpg,5
video3050,basketball,video3050_frame_006.jpg,6
video3050,basketball,video3050_frame_007.jpg,7
video3050,basketball,video3050_frame_008.jpg,8
video3050,basketball,video3050_frame_009.jpg,9
video3050,basketball,video3050_frame_010.jpg,10
video3050,basketball,video3050_frame_011.jpg,11
video3075,basketball,video3075_frame_000.jpg,0
video3075,basketball,video3075_frame_001.jpg,1
video3075,basketball,video3075_frame_002.jpg,2
video3075,basketball,video3075_frame_003.jpg,3
video3075,basketball,video3075_frame_004.jpg,4
video3075,basketball,video3075_frame_005.jpg,5
video3075,basketball,video3075_frame_006.jpg,6
video3075,basketball,video3075_frame_007.jpg,7
video3075,basketball,video3075_frame_008.jpg,8
video3075,basketball,video3075_frame_009.jpg,9
video3075,basketball,video3075_frame_010.jpg,10
video3075,basketball,video3075_frame_011.jpg,11
video3541,basketball,video3541_frame_000.jpg,0
video3541,basketball,video3541_frame_001.jpg,1
video3541,basketball,video3541_frame_002.jpg,2
video3541,basketball,video3541_frame_003.jpg,3
video3541,basketball,video3541_frame_004.jpg,4
video3541,basketball,video3541_frame_005.jpg,5
video3541,basketball,video3541_frame_006.jpg,6
video3541,basketball,video3541_frame_007.jpg,7
video3541,basketball,video3541_frame_008.jpg,8
video3541,basketball,video3541_frame_009.jpg,9
video3541,basketball,video3541_frame_010.jpg,10
video3541,basketball,video3541_frame_011.jpg,11
video3628,basketball,video3628_frame_000.jpg,0
video3628,basketball,video3628_frame_001.jpg,1
video3628,basketball,video3628_frame_002.jpg,2
video3628,basketball,video3628_frame_003.jpg,3
video3628,basketball,video3628_frame_004.jpg,4
video3628,basketball,video3628_frame_005.jpg,5
video3628,basketball,video3628_frame_006.jpg,6
video3628,basketball,video3628_frame_007.jpg,7
video3628,basketball,video3628_frame_008.jpg,8
video3628,basketball,video3628_frame_009.jpg,9
video3628,basketball,video3628_frame_010.jpg,10
video3628,basketball,video3628_frame_011.jpg,11
video3661,basketball,video3661_frame_000.jpg,0
video3661,basketball,video3661_frame_001.jpg,1
video3661,basketball,video3661_frame_002.jpg,2
video3661,basketball,video3661_frame_003.jpg,3
video3661,basketball,video3661_frame_004.jpg,4
video3661,basketball,video3661_frame_005.jpg,5
video3661,basketball,video3661_frame_006.jpg,6
video3661,basketball,video3661_frame_007.jpg,7
video3661,basketball,video3661_frame_008.jpg,8
video3661,basketball,video3661_frame_009.jpg,9
video3661,basketball,video3661_frame_010.jpg,10
video3661,basketball,video3661_frame_011.jpg,11
video3764,basketball,video3764_frame_000.jpg,0
video3764,basketball,video3764_frame_001.jpg,1
video3764,basketball,video3764_frame_002.jpg,2
video3764,basketball,video3764_frame_003.jpg,3
video3764,basketball,video3764_frame_004.jpg,4
video3764,basketball,video3764_frame_005.jpg,5
video3764,basketball,video3764_frame_006.jpg,6
video3764,basketball,video3764_frame_007.jpg,7
video3764,basketball,video3764_frame_008.jpg,8
video3764,basketball,video3764_frame_009.jpg,9
video3764,basketball,video3764_frame_010.jpg,10
video3764,basketball,video3764_frame_011.jpg,11
video3802,basketball,video3802_frame_000.jpg,0
video3802,basketball,video3802_frame_001.jpg,1
video3802,basketball,video3802_frame_002.jpg,2
video3802,basketball,video3802_frame_003.jpg,3
video3802,basketball,video3802_frame_004.jpg,4
video3802,basketball,video3802_frame_005.jpg,5
video3802,basketball,video3802_frame_006.jpg,6
video3802,basketball,video3802_frame_007.jpg,7
video3802,basketball,video3802_frame_008.jpg,8
video3802,basketball,video3802_frame_009.jpg,9
video3802,basketball,video3802_frame_010.jpg,10
video3802,basketball,video3802_frame_011.jpg,11
video3986,basketball,video3986_frame_000.jpg,0
video3986,basketball,video3986_frame_001.jpg,1
video3986,basketball,video3986_frame_002.jpg,2
video3986,basketball,video3986_frame_003.jpg,3
video3986,basketball,video3986_frame_004.jpg,4
video3986,basketball,video3986_frame_005.jpg,5
video3986,basketball,video3986_frame_006.jpg,6
video3986,basketball,video3986_frame_007.jpg,7
video3986,basketball,video3986_frame_008.jpg,8
video3986,basketball,video3986_frame_009.jpg,9
video3986,basketball,video3986_frame_010.jpg,10
video3986,basketball,video3986_frame_011.jpg,11
video3997,basketball,video3997_frame_000.jpg,0
video3997,basketball,video3997_frame_001.jpg,1
video3997,basketball,video3997_frame_002.jpg,2
video3997,basketball,video3997_frame_003.jpg,3
video3997,basketball,video3997_frame_004.jpg,4
video3997,basketball,video3997_frame_005.jpg,5
video3997,basketball,video3997_frame_006.jpg,6
video3997,basketball,video3997_frame_007.jpg,7
video3997,basketball,video3997_frame_008.jpg,8
video3997,basketball,video3997_frame_009.jpg,9
video3997,basketball,video3997_frame_010.jpg,10
video3997,basketball,video3997_frame_011.jpg,11
video4177,basketball,video4177_frame_000.jpg,0
video4177,basketball,video4177_frame_001.jpg,1
video4177,basketball,video4177_frame_002.jpg,2
video4177,basketball,video4177_frame_003.jpg,3
video4177,basketball,video4177_frame_004.jpg,4
video4177,basketball,video4177_frame_005.jpg,5
video4177,basketball,video4177_frame_006.jpg,6
video4177,basketball,video4177_frame_007.jpg,7
video4177,basketball,video4177_frame_008.jpg,8
video4177,basketball,video4177_frame_009.jpg,9
video4177,basketball,video4177_frame_010.jpg,10
video4177,basketball,video4177_frame_011.jpg,11
video4337,basketball,video4337_frame_000.jpg,0
video4337,basketball,video4337_frame_001.jpg,1
video4337,basketball,video4337_frame_002.jpg,2
video4337,basketball,video4337_frame_003.jpg,3
video4337,basketball,video4337_frame_004.jpg,4
video4337,basketball,video4337_frame_005.jpg,5
video4337,basketball,video4337_frame_006.jpg,6
video4337,basketball,video4337_frame_007.jpg,7
video4337,basketball,video4337_frame_008.jpg,8
video4337,basketball,video4337_frame_009.jpg,9
video4337,basketball,video4337_frame_010.jpg,10
video4337,basketball,video4337_frame_011.jpg,11
video4420,basketball,video4420_frame_000.jpg,0
video4420,basketball,video4420_frame_001.jpg,1
video4420,basketball,video4420_frame_002.jpg,2
video4420,basketball,video4420_frame_003.jpg,3
video4420,basketball,video4420_frame_004.jpg,4
video4420,basketball,video4420_frame_005.jpg,5
video4420,basketball,video4420_frame_006.jpg,6
video4420,basketball,video4420_frame_007.jpg,7
video4420,basketball,video4420_frame_008.jpg,8
video4420,basketball,video4420_frame_009.jpg,9
video4420,basketball,video4420_frame_010.jpg,10
video4420,basketball,video4420_frame_011.jpg,11
video4561,basketball,video4561_frame_000.jpg,0
video4561,basketball,video4561_frame_001.jpg,1
video4561,basketball,video4561_frame_002.jpg,2
video4561,basketball,video4561_frame_003.jpg,3
video4561,basketball,video4561_frame_004.jpg,4
video4561,basketball,video4561_frame_005.jpg,5
video4561,basketball,video4561_frame_006.jpg,6
video4561,basketball,video4561_frame_007.jpg,7
video4561,basketball,video4561_frame_008.jpg,8
video4561,basketball,video4561_frame_009.jpg,9
video4561,basketball,video4561_frame_010.jpg,10
video4561,basketball,video4561_frame_011.jpg,11
video5208,basketball,video5208_frame_000.jpg,0
video5208,basketball,video5208_frame_001.jpg,1
video5208,basketball,video5208_frame_002.jpg,2
video5208,basketball,video5208_frame_003.jpg,3
video5208,basketball,video5208_frame_004.jpg,4
video5208,basketball,video5208_frame_005.jpg,5
video5208,basketball,video5208_frame_006.jpg,6
video5208,basketball,video5208_frame_007.jpg,7
video5208,basketball,video5208_frame_008.jpg,8
video5208,basketball,video5208_frame_009.jpg,9
video5208,basketball,video5208_frame_010.jpg,10
video5208,basketball,video5208_frame_011.jpg,11
video5261,basketball,video5261_frame_000.jpg,0
video5261,basketball,video5261_frame_001.jpg,1
video5261,basketball,video5261_frame_002.jpg,2
video5261,basketball,video5261_frame_003.jpg,3
video5261,basketball,video5261_frame_004.jpg,4
video5261,basketball,video5261_frame_005.jpg,5
video5261,basketball,video5261_frame_006.jpg,6
video5261,basketball,video5261_frame_007.jpg,7
video5261,basketball,video5261_frame_008.jpg,8
video5261,basketball,video5261_frame_009.jpg,9
video5261,basketball,video5261_frame_010.jpg,10
video5261,basketball,video5261_frame_011.jpg,11
video5436,basketball,video5436_frame_000.jpg,0
video5436,basketball,video5436_frame_001.jpg,1
video5436,basketball,video5436_frame_002.jpg,2
video5436,basketball,video5436_frame_003.jpg,3
video5436,basketball,video5436_frame_004.jpg,4
video5436,basketball,video5436_frame_005.jpg,5
video5436,basketball,video5436_frame_006.jpg,6
video5436,basketball,video5436_frame_007.jpg,7
video5436,basketball,video5436_frame_008.jpg,8
video5436,basketball,video5436_frame_009.jpg,9
video5436,basketball,video5436_frame_010.jpg,10
video5436,basketball,video5436_frame_011.jpg,11
video5926,basketball,video5926_frame_000.jpg,0
video5926,basketball,video5926_frame_001.jpg,1
video5926,basketball,video5926_frame_002.jpg,2
video5926,basketball,video5926_frame_003.jpg,3
video5926,basketball,video5926_frame_004.jpg,4
video5926,basketball,video5926_frame_005.jpg,5
video5926,basketball,video5926_frame_006.jpg,6
video5926,basketball,video5926_frame_007.jpg,7
video5926,basketball,video5926_frame_008.jpg,8
video5926,basketball,video5926_frame_009.jpg,9
video5926,basketball,video5926_frame_010.jpg,10
video5926,basketball,video5926_frame_011.jpg,11
video5987,basketball,video5987_frame_000.jpg,0
video5987,basketball,video5987_frame_001.jpg,1
video5987,basketball,video5987_frame_002.jpg,2
video5987,basketball,video5987_frame_003.jpg,3
video5987,basketball,video5987_frame_004.jpg,4
video5987,basketball,video5987_frame_005.jpg,5
video5987,basketball,video5987_frame_006.jpg,6
video5987,basketball,video5987_frame_007.jpg,7
video5987,basketball,video5987_frame_008.jpg,8
video5987,basketball,video5987_frame_009.jpg,9
video5987,basketball,video5987_frame_010.jpg,10
video5987,basketball,video5987_frame_011.jpg,11
video7453,basketball,video7453_frame_000.jpg,0
video7453,basketball,video7453_frame_001.jpg,1
video7453,basketball,video7453_frame_002.jpg,2
video7453,basketball,video7453_frame_003.jpg,3
video7453,basketball,video7453_frame_004.jpg,4
video7453,basketball,video7453_frame_005.jpg,5
video7453,basketball,video7453_frame_006.jpg,6
video7453,basketball,video7453_frame_007.jpg,7
video7453,basketball,video7453_frame_008.jpg,8
video7453,basketball,video7453_frame_009.jpg,9
video7453,basketball,video7453_frame_010.jpg,10
video7453,basketball,video7453_frame_011.jpg,11
video760,basketball,video760_frame_000.jpg,0
video760,basketball,video760_frame_001.jpg,1
video760,basketball,video760_frame_002.jpg,2
video760,basketball,video760_frame_003.jpg,3
video760,basketball,video760_frame_004.jpg,4
video760,basketball,video760_frame_005.jpg,5
video760,basketball,video760_frame_006.jpg,6
video760,basketball,video760_frame_007.jpg,7
video760,basketball,video760_frame_008.jpg,8
video760,basketball,video760_frame_009.jpg,9
video760,basketball,video760_frame_010.jpg,10
video760,basketball,video760_frame_011.jpg,11
video8091,basketball,video8091_frame_000.jpg,0
video8091,basketball,video8091_frame_001.jpg,1
video8091,basketball,video8091_frame_002.jpg,2
video8091,basketball,video8091_frame_003.jpg,3
video8091,basketball,video8091_frame_004.jpg,4
video8091,basketball,video8091_frame_005.jpg,5
video8091,basketball,video8091_frame_006.jpg,6
video8091,basketball,video8091_frame_007.jpg,7
video8091,basketball,video8091_frame_008.jpg,8
video8091,basketball,video8091_frame_009.jpg,9
video8091,basketball,video8091_frame_010.jpg,10
video8091,basketball,video8091_frame_011.jpg,11
video880,basketball,video880_frame_000.jpg,0
video880,basketball,video880_frame_001.jpg,1
video880,basketball,video880_frame_002.jpg,2
video880,basketball,video880_frame_003.jpg,3
video880,basketball,video880_frame_004.jpg,4
video880,basketball,video880_frame_005.jpg,5
video880,basketball,video880_frame_006.jpg,6
video880,basketball,video880_frame_007.jpg,7
video880,basketball,video880_frame_008.jpg,8
video880,basketball,video880_frame_009.jpg,9
video880,basketball,video880_frame_010.jpg,10
video880,basketball,video880_frame_011.jpg,11
video8859,basketball,video8859_frame_000.jpg,0
video8859,basketball,video8859_frame_001.jpg,1
video8859,basketball,video8859_frame_002.jpg,2
video8859,basketball,video8859_frame_003.jpg,3
video8859,basketball,video8859_frame_004.jpg,4
video8859,basketball,video8859_frame_005.jpg,5
video8859,basketball,video8859_frame_006.jpg,6
video8859,basketball,video8859_frame_007.jpg,7
video8859,basketball,video8859_frame_008.jpg,8
video8859,basketball,video8859_frame_009.jpg,9
video8859,basketball,video8859_frame_010.jpg,10
video8859,basketball,video8859_frame_011.jpg,11
video8881,basketball,video8881_frame_000.jpg,0
video8881,basketball,video8881_frame_001.jpg,1
video8881,basketball,video8881_frame_002.jpg,2
video8881,basketball,video8881_frame_003.jpg,3
video8881,basketball,video8881_frame_004.jpg,4
video8881,basketball,video8881_frame_005.jpg,5
video8881,basketball,video8881_frame_006.jpg,6
video8881,basketball,video8881_frame_007.jpg,7
video8881,basketball,video8881_frame_008.jpg,8
video8881,basketball,video8881_frame_009.jpg,9
video8881,basketball,video8881_frame_010.jpg,10
video8881,basketball,video8881_frame_011.jpg,11
video9650,basketball,video9650_frame_000.jpg,0
video9650,basketball,video9650_frame_001.jpg,1
video9650,basketball,video9650_frame_002.jpg,2
video9650,basketball,video9650_frame_003.jpg,3
video9650,basketball,video9650_frame_004.jpg,4
video9650,basketball,video9650_frame_005.jpg,5
video9650,basketball,video9650_frame_006.jpg,6
video9650,basketball,video9650_frame_007.jpg,7
video9650,basketball,video9650_frame_008.jpg,8
video9650,basketball,video9650_frame_009.jpg,9
video9650,basketball,video9650_frame_010.jpg,10
video9650,basketball,video9650_frame_011.jpg,11
video1103,soccer,video1103_frame_000.jpg,0
video1103,soccer,video1103_frame_001.jpg,1
video1103,soccer,video1103_frame_002.jpg,2
video1103,soccer,video1103_frame_003.jpg,3
video1103,soccer,video1103_frame_004.jpg,4
video1103,soccer,video1103_frame_005.jpg,5
video1103,soccer,video1103_frame_006.jpg,6
video1103,soccer,video1103_frame_007.jpg,7
video1103,soccer,video1103_frame_008.jpg,8
video1103,soccer,video1103_frame_009.jpg,9
video1103,soccer,video1103_frame_010.jpg,10
video1103,soccer,video1103_frame_011.jpg,11
video1241,soccer,video1241_frame_000.jpg,0
video1241,soccer,video1241_frame_001.jpg,1
video1241,soccer,video1241_frame_002.jpg,2
video1241,soccer,video1241_frame_003.jpg,3
video1241,soccer,video1241_frame_004.jpg,4
video1241,soccer,video1241_frame_005.jpg,5
video1241,soccer,video1241_frame_006.jpg,6
video1241,soccer,video1241_frame_007.jpg,7
video1241,soccer,video1241_frame_008.jpg,8
video1241,soccer,video1241_frame_009.jpg,9
video1241,soccer,video1241_frame_010.jpg,10
video1241,soccer,video1241_frame_011.jpg,11
video1327,soccer,video1327_frame_000.jpg,0
video1327,soccer,video1327_frame_001.jpg,1
video1327,soccer,video1327_frame_002.jpg,2
video1327,soccer,video1327_frame_003.jpg,3
video1327,soccer,video1327_frame_004.jpg,4
video1327,soccer,video1327_frame_005.jpg,5
video1327,soccer,video1327_frame_006.jpg,6
video1327,soccer,video1327_frame_007.jpg,7
video1327,soccer,video1327_frame_008.jpg,8
video1327,soccer,video1327_frame_009.jpg,9
video1327,soccer,video1327_frame_010.jpg,10
video1327,soccer,video1327_frame_011.jpg,11
video1734,soccer,video1734_frame_000.jpg,0
video1734,soccer,video1734_frame_001.jpg,1
video1734,soccer,video1734_frame_002.jpg,2
video1734,soccer,video1734_frame_003.jpg,3
video1734,soccer,video1734_frame_004.jpg,4
video1734,soccer,video1734_frame_005.jpg,5
video1734,soccer,video1734_frame_006.jpg,6
video1734,soccer,video1734_frame_007.jpg,7
video1734,soccer,video1734_frame_008.jpg,8
video1734,soccer,video1734_frame_009.jpg,9
video1734,soccer,video1734_frame_010.jpg,10
video1734,soccer,video1734_frame_011.jpg,11
video2347,soccer,video2347_frame_000.jpg,0
video2347,soccer,video2347_frame_001.jpg,1
video2347,soccer,video2347_frame_002.jpg,2
video2347,soccer,video2347_frame_003.jpg,3
video2347,soccer,video2347_frame_004.jpg,4
video2347,soccer,video2347_frame_005.jpg,5
video2347,soccer,video2347_frame_006.jpg,6
video2347,soccer,video2347_frame_007.jpg,7
video2347,soccer,video2347_frame_008.jpg,8
video2347,soccer,video2347_frame_009.jpg,9
video2347,soccer,video2347_frame_010.jpg,10
video2347,soccer,video2347_frame_011.jpg,11
video247,soccer,video247_frame_000.jpg,0
video247,soccer,video247_frame_001.jpg,1
video247,soccer,video247_frame_002.jpg,2
video247,soccer,video247_frame_003.jpg,3
video247,soccer,video247_frame_004.jpg,4
video247,soccer,video247_frame_005.jpg,5
video247,soccer,video247_frame_006.jpg,6
video247,soccer,video247_frame_007.jpg,7
video247,soccer,video247_frame_008.jpg,8
video247,soccer,video247_frame_009.jpg,9
video247,soccer,video247_frame_010.jpg,10
video247,soccer,video247_frame_011.jpg,11
video2545,soccer,video2545_frame_000.jpg,0
video2545,soccer,video2545_frame_001.jpg,1
video2545,soccer,video2545_frame_002.jpg,2
video2545,soccer,video2545_frame_003.jpg,3
video2545,soccer,video2545_frame_004.jpg,4
video2545,soccer,video2545_frame_005.jpg,5
video2545,soccer,video2545_frame_006.jpg,6
video2545,soccer,video2545_frame_007.jpg,7
video2545,soccer,video2545_frame_008.jpg,8
video2545,soccer,video2545_frame_009.jpg,9
video2545,soccer,video2545_frame_010.jpg,10
video2545,soccer,video2545_frame_011.jpg,11
video2586,soccer,video2586_frame_000.jpg,0
video2586,soccer,video2586_frame_001.jpg,1
video2586,soccer,video2586_frame_002.jpg,2
video2586,soccer,video2586_frame_003.jpg,3
video2586,soccer,video2586_frame_004.jpg,4
video2586,soccer,video2586_frame_005.jpg,5
video2586,soccer,video2586_frame_006.jpg,6
video2586,soccer,video2586_frame_007.jpg,7
video2586,soccer,video2586_frame_008.jpg,8
video2586,soccer,video2586_frame_009.jpg,9
video2586,soccer,video2586_frame_010.jpg,10
video2586,soccer,video2586_frame_011.jpg,11
video302,soccer,video302_frame_000.jpg,0
video302,soccer,video302_frame_001.jpg,1
video302,soccer,video302_frame_002.jpg,2
video302,soccer,video302_frame_003.jpg,3
video302,soccer,video302_frame_004.jpg,4
video302,soccer,video302_frame_005.jpg,5
video302,soccer,video302_frame_006.jpg,6
video302,soccer,video302_frame_007.jpg,7
video302,soccer,video302_frame_008.jpg,8
video302,soccer,video302_frame_009.jpg,9
video302,soccer,video302_frame_010.jpg,10
video302,soccer,video302_frame_011.jpg,11
video3160,soccer,video3160_frame_000.jpg,0
video3160,soccer,video3160_frame_001.jpg,1
video3160,soccer,video3160_frame_002.jpg,2
video3160,soccer,video3160_frame_003.jpg,3
video3160,soccer,video3160_frame_004.jpg,4
video3160,soccer,video3160_frame_005.jpg,5
video3160,soccer,video3160_frame_006.jpg,6
video3160,soccer,video3160_frame_007.jpg,7
video3160,soccer,video3160_frame_008.jpg,8
video3160,soccer,video3160_frame_009.jpg,9
video3160,soccer,video3160_frame_010.jpg,10
video3160,soccer,video3160_frame_011.jpg,11
video3396,soccer,video3396_frame_000.jpg,0
video3396,soccer,video3396_frame_001.jpg,1
video3396,soccer,video3396_frame_002.jpg,2
video3396,soccer,video3396_frame_003.jpg,3
video3396,soccer,video3396_frame_004.jpg,4
video3396,soccer,video3396_frame_005.jpg,5
video3396,soccer,video3396_frame_006.jpg,6
video3396,soccer,video3396_frame_007.jpg,7
video3396,soccer,video3396_frame_008.jpg,8
video3396,soccer,video3396_frame_009.jpg,9
video3396,soccer,video3396_frame_010.jpg,10
video3396,soccer,video3396_frame_011.jpg,11
video3410,soccer,video3410_frame_000.jpg,0
video3410,soccer,video3410_frame_001.jpg,1
video3410,soccer,video3410_frame_002.jpg,2
video3410,soccer,video3410_frame_003.jpg,3
video3410,soccer,video3410_frame_004.jpg,4
video3410,soccer,video3410_frame_005.jpg,5
video3410,soccer,video3410_frame_006.jpg,6
video3410,soccer,video3410_frame_007.jpg,7
video3410,soccer,video3410_frame_008.jpg,8
video3410,soccer,video3410_frame_009.jpg,9
video3410,soccer,video3410_frame_010.jpg,10
video3410,soccer,video3410_frame_011.jpg,11
video341,soccer,video341_frame_000.jpg,0
video341,soccer,video341_frame_001.jpg,1
video341,soccer,video341_frame_002.jpg,2
video341,soccer,video341_frame_003.jpg,3
video341,soccer,video341_frame_004.jpg,4
video341,soccer,video341_frame_005.jpg,5
video341,soccer,video341_frame_006.jpg,6
video341,soccer,video341_frame_007.jpg,7
video341,soccer,video341_frame_008.jpg,8
video341,soccer,video341_frame_009.jpg,9
video341,soccer,video341_frame_010.jpg,10
video341,soccer,video341_frame_011.jpg,11
video3540,soccer,video3540_frame_000.jpg,0
video3540,soccer,video3540_frame_001.jpg,1
video3540,soccer,video3540_frame_002.jpg,2
video3540,soccer,video3540_frame_003.jpg,3
video3540,soccer,video3540_frame_004.jpg,4
video3540,soccer,video3540_frame_005.jpg,5
video3540,soccer,video3540_frame_006.jpg,6
video3540,soccer,video3540_frame_007.jpg,7
video3540,soccer,video3540_frame_008.jpg,8
video3540,soccer,video3540_frame_009.jpg,9
video3540,soccer,video3540_frame_010.jpg,10
video3540,soccer,video3540_frame_011.jpg,11
video4158,soccer,video4158_frame_000.jpg,0
video4158,soccer,video4158_frame_001.jpg,1
video4158,soccer,video4158_frame_002.jpg,2
video4158,soccer,video4158_frame_003.jpg,3
video4158,soccer,video4158_frame_004.jpg,4
video4158,soccer,video4158_frame_005.jpg,5
video4158,soccer,video4158_frame_006.jpg,6
video4158,soccer,video4158_frame_007.jpg,7
video4158,soccer,video4158_frame_008.jpg,8
video4158,soccer,video4158_frame_009.jpg,9
video4158,soccer,video4158_frame_010.jpg,10
video4158,soccer,video4158_frame_011.jpg,11
video5435,soccer,video5435_frame_000.jpg,0
video5435,soccer,video5435_frame_001.jpg,1
video5435,soccer,video5435_frame_002.jpg,2
video5435,soccer,video5435_frame_003.jpg,3
video5435,soccer,video5435_frame_004.jpg,4
video5435,soccer,video5435_frame_005.jpg,5
video5435,soccer,video5435_frame_006.jpg,6
video5435,soccer,video5435_frame_007.jpg,7
video5435,soccer,video5435_frame_008.jpg,8
video5435,soccer,video5435_frame_009.jpg,9
video5435,soccer,video5435_frame_010.jpg,10
video5435,soccer,video5435_frame_011.jpg,11
video5503,soccer,video5503_frame_000.jpg,0
video5503,soccer,video5503_frame_001.jpg,1
video5503,soccer,video5503_frame_002.jpg,2
video5503,soccer,video5503_frame_003.jpg,3
video5503,soccer,video5503_frame_004.jpg,4
video5503,soccer,video5503_frame_005.jpg,5
video5503,soccer,video5503_frame_006.jpg,6
video5503,soccer,video5503_frame_007.jpg,7
video5503,soccer,video5503_frame_008.jpg,8
video5503,soccer,video5503_frame_009.jpg,9
video5503,soccer,video5503_frame_010.jpg,10
video5503,soccer,video5503_frame_011.jpg,11
video5589,soccer,video5589_frame_000.jpg,0
video5589,soccer,video5589_frame_001.jpg,1
video5589,soccer,video5589_frame_002.jpg,2
video5589,soccer,video5589_frame_003.jpg,3
video5589,soccer,video5589_frame_004.jpg,4
video5589,soccer,video5589_frame_005.jpg,5
video5589,soccer,video5589_frame_006.jpg,6
video5589,soccer,video5589_frame_007.jpg,7
video5589,soccer,video5589_frame_008.jpg,8
video5589,soccer,video5589_frame_009.jpg,9
video5589,soccer,video5589_frame_010.jpg,10
video5589,soccer,video5589_frame_011.jpg,11
video5929,soccer,video5929_frame_000.jpg,0
video5929,soccer,video5929_frame_001.jpg,1
video5929,soccer,video5929_frame_002.jpg,2
video5929,soccer,video5929_frame_003.jpg,3
video5929,soccer,video5929_frame_004.jpg,4
video5929,soccer,video5929_frame_005.jpg,5
video5929,soccer,video5929_frame_006.jpg,6
video5929,soccer,video5929_frame_007.jpg,7
video5929,soccer,video5929_frame_008.jpg,8
video5929,soccer,video5929_frame_009.jpg,9
video5929,soccer,video5929_frame_010.jpg,10
video5929,soccer,video5929_frame_011.jpg,11
video5960,soccer,video5960_frame_000.jpg,0
video5960,soccer,video5960_frame_001.jpg,1
video5960,soccer,video5960_frame_002.jpg,2
video5960,soccer,video5960_frame_003.jpg,3
video5960,soccer,video5960_frame_004.jpg,4
video5960,soccer,video5960_frame_005.jpg,5
video5960,soccer,video5960_frame_006.jpg,6
video5960,soccer,video5960_frame_007.jpg,7
video5960,soccer,video5960_frame_008.jpg,8
video5960,soccer,video5960_frame_009.jpg,9
video5960,soccer,video5960_frame_010.jpg,10
video5960,soccer,video5960_frame_011.jpg,11
video6066,soccer,video6066_frame_000.jpg,0
video6066,soccer,video6066_frame_001.jpg,1
video6066,soccer,video6066_frame_002.jpg,2
video6066,soccer,video6066_frame_003.jpg,3
video6066,soccer,video6066_frame_004.jpg,4
video6066,soccer,video6066_frame_005.jpg,5
video6066,soccer,video6066_frame_006.jpg,6
video6066,soccer,video6066_frame_007.jpg,7
video6066,soccer,video6066_frame_008.jpg,8
video6066,soccer,video6066_frame_009.jpg,9
video6066,soccer,video6066_frame_010.jpg,10
video6066,soccer,video6066_frame_011.jpg,11
video6103,soccer,video6103_frame_000.jpg,0
video6103,soccer,video6103_frame_001.jpg,1
video6103,soccer,video6103_frame_002.jpg,2
video6103,soccer,video6103_frame_003.jpg,3
video6103,soccer,video6103_frame_004.jpg,4
video6103,soccer,video6103_frame_005.jpg,5
video6103,soccer,video6103_frame_006.jpg,6
video6103,soccer,video6103_frame_007.jpg,7
video6103,soccer,video6103_frame_008.jpg,8
video6103,soccer,video6103_frame_009.jpg,9
video6103,soccer,video6103_frame_010.jpg,10
video6103,soccer,video6103_frame_011.jpg,11
video6474,soccer,video6474_frame_000.jpg,0
video6474,soccer,video6474_frame_001.jpg,1
video6474,soccer,video6474_frame_002.jpg,2
video6474,soccer,video6474_frame_003.jpg,3
video6474,soccer,video6474_frame_004.jpg,4
video6474,soccer,video6474_frame_005.jpg,5
video6474,soccer,video6474_frame_006.jpg,6
video6474,soccer,video6474_frame_007.jpg,7
video6474,soccer,video6474_frame_008.jpg,8
video6474,soccer,video6474_frame_009.jpg,9
video6474,soccer,video6474_frame_010.jpg,10
video6474,soccer,video6474_frame_011.jpg,11
video6632,soccer,video6632_frame_000.jpg,0
video6632,soccer,video6632_frame_001.jpg,1
video6632,soccer,video6632_frame_002.jpg,2
video6632,soccer,video6632_frame_003.jpg,3
video6632,soccer,video6632_frame_004.jpg,4
video6632,soccer,video6632_frame_005.jpg,5
video6632,soccer,video6632_frame_006.jpg,6
video6632,soccer,video6632_frame_007.jpg,7
video6632,soccer,video6632_frame_008.jpg,8
video6632,soccer,video6632_frame_009.jpg,9
video6632,soccer,video6632_frame_010.jpg,10
video6632,soccer,video6632_frame_011.jpg,11
video6743,soccer,video6743_frame_000.jpg,0
video6743,soccer,video6743_frame_001.jpg,1
video6743,soccer,video6743_frame_002.jpg,2
video6743,soccer,video6743_frame_003.jpg,3
video6743,soccer,video6743_frame_004.jpg,4
video6743,soccer,video6743_frame_005.jpg,5
video6743,soccer,video6743_frame_006.jpg,6
video6743,soccer,video6743_frame_007.jpg,7
video6743,soccer,video6743_frame_008.jpg,8
video6743,soccer,video6743_frame_009.jpg,9
video6743,soccer,video6743_frame_010.jpg,10
video6743,soccer,video6743_frame_011.jpg,11
video7125,soccer,video7125_frame_000.jpg,0
video7125,soccer,video7125_frame_001.jpg,1
video7125,soccer,video7125_frame_002.jpg,2
video7125,soccer,video7125_frame_003.jpg,3
video7125,soccer,video7125_frame_004.jpg,4
video7125,soccer,video7125_frame_005.jpg,5
video7125,soccer,video7125_frame_006.jpg,6
video7125,soccer,video7125_frame_007.jpg,7
video7125,soccer,video7125_frame_008.jpg,8
video7125,soccer,video7125_frame_009.jpg,9
video7125,soccer,video7125_frame_010.jpg,10
video7125,soccer,video7125_frame_011.jpg,11
video7247,soccer,video7247_frame_000.jpg,0
video7247,soccer,video7247_frame_001.jpg,1
video7247,soccer,video7247_frame_002.jpg,2
video7247,soccer,video7247_frame_003.jpg,3
video7247,soccer,video7247_frame_004.jpg,4
video7247,soccer,video7247_frame_005.jpg,5
video7247,soccer,video7247_frame_006.jpg,6
video7247,soccer,video7247_frame_007.jpg,7
video7247,soccer,video7247_frame_008.jpg,8
video7247,soccer,video7247_frame_009.jpg,9
video7247,soccer,video7247_frame_010.jpg,10
video7247,soccer,video7247_frame_011.jpg,11
video7261,soccer,video7261_frame_000.jpg,0
video7261,soccer,video7261_frame_001.jpg,1
video7261,soccer,video7261_frame_002.jpg,2
video7261,soccer,video7261_frame_003.jpg,3
video7261,soccer,video7261_frame_004.jpg,4
video7261,soccer,video7261_frame_005.jpg,5
video7261,soccer,video7261_frame_006.jpg,6
video7261,soccer,video7261_frame_007.jpg,7
video7261,soccer,video7261_frame_008.jpg,8
video7261,soccer,video7261_frame_009.jpg,9
video7261,soccer,video7261_frame_010.jpg,10
video7261,soccer,video7261_frame_011.jpg,11
video7390,soccer,video7390_frame_000.jpg,0
video7390,soccer,video7390_frame_001.jpg,1
video7390,soccer,video7390_frame_002.jpg,2
video7390,soccer,video7390_frame_003.jpg,3
video7390,soccer,video7390_frame_004.jpg,4
video7390,soccer,video7390_frame_005.jpg,5
video7390,soccer,video7390_frame_006.jpg,6
video7390,soccer,video7390_frame_007.jpg,7
video7390,soccer,video7390_frame_008.jpg,8
video7390,soccer,video7390_frame_009.jpg,9
video7390,soccer,video7390_frame_010.jpg,10
video7390,soccer,video7390_frame_011.jpg,11
video8730,soccer,video8730_frame_000.jpg,0
video8730,soccer,video8730_frame_001.jpg,1
video8730,soccer,video8730_frame_002.jpg,2
video8730,soccer,video8730_frame_003.jpg,3
video8730,soccer,video8730_frame_004.jpg,4
video8730,soccer,video8730_frame_005.jpg,5
video8730,soccer,video8730_frame_006.jpg,6
video8730,soccer,video8730_frame_007.jpg,7
video8730,soccer,video8730_frame_008.jpg,8
video8730,soccer,video8730_frame_009.jpg,9
video8730,soccer,video8730_frame_010.jpg,10
video8730,soccer,video8730_frame_011.jpg,11
video8967,soccer,video8967_frame_000.jpg,0
video8967,soccer,video8967_frame_001.jpg,1
video8967,soccer,video8967_frame_002.jpg,2
video8967,soccer,video8967_frame_003.jpg,3
video8967,soccer,video8967_frame_004.jpg,4
video8967,soccer,video8967_frame_005.jpg,5
video8967,soccer,video8967_frame_006.jpg,6
video8967,soccer,video8967_frame_007.jpg,7
video8967,soccer,video8967_frame_008.jpg,8
video8967,soccer,video8967_frame_009.jpg,9
video8967,soccer,video8967_frame_010.jpg,10
video8967,soccer,video8967_frame_011.jpg,11
video9182,soccer,video9182_frame_000.jpg,0
video9182,soccer,video9182_frame_001.jpg,1
video9182,soccer,video9182_frame_002.jpg,2
video9182,soccer,video9182_frame_003.jpg,3
video9182,soccer,video9182_frame_004.jpg,4
video9182,soccer,video9182_frame_005.jpg,5
video9182,soccer,video9182_frame_006.jpg,6
video9182,soccer,video9182_frame_007.jpg,7
video9182,soccer,video9182_frame_008.jpg,8
video9182,soccer,video9182_frame_009.jpg,9
video9182,soccer,video9182_frame_010.jpg,10
video9182,soccer,video9182_frame_011.jpg,11
video9183,soccer,video9183_frame_000.jpg,0
video9183,soccer,video9183_frame_001.jpg,1
video9183,soccer,video9183_frame_002.jpg,2
video9183,soccer,video9183_frame_003.jpg,3
video9183,soccer,video9183_frame_004.jpg,4
video9183,soccer,video9183_frame_005.jpg,5
video9183,soccer,video9183_frame_006.jpg,6
video9183,soccer,video9183_frame_007.jpg,7
video9183,soccer,video9183_frame_008.jpg,8
video9183,soccer,video9183_frame_009.jpg,9
video9183,soccer,video9183_frame_010.jpg,10
video9183,soccer,video9183_frame_011.jpg,11
video1397,swimming,video1397_frame_000.jpg,0
video1397,swimming,video1397_frame_001.jpg,1
video1397,swimming,video1397_frame_002.jpg,2
video1397,swimming,video1397_frame_003.jpg,3
video1397,swimming,video1397_frame_004.jpg,4
video1397,swimming,video1397_frame_005.jpg,5
video1397,swimming,video1397_frame_006.jpg,6
video1397,swimming,video1397_frame_007.jpg,7
video1397,swimming,video1397_frame_008.jpg,8
video1397,swimming,video1397_frame_009.jpg,9
video1397,swimming,video1397_frame_010.jpg,10
video1397,swimming,video1397_frame_011.jpg,11
video1437,swimming,video1437_frame_000.jpg,0
video1437,swimming,video1437_frame_001.jpg,1
video1437,swimming,video1437_frame_002.jpg,2
video1437,swimming,video1437_frame_003.jpg,3
video1437,swimming,video1437_frame_004.jpg,4
video1437,swimming,video1437_frame_005.jpg,5
video1437,swimming,video1437_frame_006.jpg,6
video1437,swimming,video1437_frame_007.jpg,7
video1437,swimming,video1437_frame_008.jpg,8
video1437,swimming,video1437_frame_009.jpg,9
video1437,swimming,video1437_frame_010.jpg,10
video1437,swimming,video1437_frame_011.jpg,11
video1649,swimming,video1649_frame_000.jpg,0
video1649,swimming,video1649_frame_001.jpg,1
video1649,swimming,video1649_frame_002.jpg,2
video1649,swimming,video1649_frame_003.jpg,3
video1649,swimming,video1649_frame_004.jpg,4
video1649,swimming,video1649_frame_005.jpg,5
video1649,swimming,video1649_frame_006.jpg,6
video1649,swimming,video1649_frame_007.jpg,7
video1649,swimming,video1649_frame_008.jpg,8
video1649,swimming,video1649_frame_009.jpg,9
video1649,swimming,video1649_frame_010.jpg,10
video1649,swimming,video1649_frame_011.jpg,11
video2028,swimming,video2028_frame_000.jpg,0
video2028,swimming,video2028_frame_001.jpg,1
video2028,swimming,video2028_frame_002.jpg,2
video2028,swimming,video2028_frame_003.jpg,3
video2028,swimming,video2028_frame_004.jpg,4
video2028,swimming,video2028_frame_005.jpg,5
video2028,swimming,video2028_frame_006.jpg,6
video2028,swimming,video2028_frame_007.jpg,7
video2028,swimming,video2028_frame_008.jpg,8
video2028,swimming,video2028_frame_009.jpg,9
video2028,swimming,video2028_frame_010.jpg,10
video2028,swimming,video2028_frame_011.jpg,11
video2622,swimming,video2622_frame_000.jpg,0
video2622,swimming,video2622_frame_001.jpg,1
video2622,swimming,video2622_frame_002.jpg,2
video2622,swimming,video2622_frame_003.jpg,3
video2622,swimming,video2622_frame_004.jpg,4
video2622,swimming,video2622_frame_005.jpg,5
video2622,swimming,video2622_frame_006.jpg,6
video2622,swimming,video2622_frame_007.jpg,7
video2622,swimming,video2622_frame_008.jpg,8
video2622,swimming,video2622_frame_009.jpg,9
video2622,swimming,video2622_frame_010.jpg,10
video2622,swimming,video2622_frame_011.jpg,11
video2714,swimming,video2714_frame_000.jpg,0
video2714,swimming,video2714_frame_001.jpg,1
video2714,swimming,video2714_frame_002.jpg,2
video2714,swimming,video2714_frame_003.jpg,3
video2714,swimming,video2714_frame_004.jpg,4
video2714,swimming,video2714_frame_005.jpg,5
video2714,swimming,video2714_frame_006.jpg,6
video2714,swimming,video2714_frame_007.jpg,7
video2714,swimming,video2714_frame_008.jpg,8
video2714,swimming,video2714_frame_009.jpg,9
video2714,swimming,video2714_frame_010.jpg,10
video2714,swimming,video2714_frame_011.jpg,11
video3613,swimming,video3613_frame_000.jpg,0
video3613,swimming,video3613_frame_001.jpg,1
video3613,swimming,video3613_frame_002.jpg,2
video3613,swimming,video3613_frame_003.jpg,3
video3613,swimming,video3613_frame_004.jpg,4
video3613,swimming,video3613_frame_005.jpg,5
video3613,swimming,video3613_frame_006.jpg,6
video3613,swimming,video3613_frame_007.jpg,7
video3613,swimming,video3613_frame_008.jpg,8
video3613,swimming,video3613_frame_009.jpg,9
video3613,swimming,video3613_frame_010.jpg,10
video3613,swimming,video3613_frame_011.jpg,11
video3991,swimming,video3991_frame_000.jpg,0
video3991,swimming,video3991_frame_001.jpg,1
video3991,swimming,video3991_frame_002.jpg,2
video3991,swimming,video3991_frame_003.jpg,3
video3991,swimming,video3991_frame_004.jpg,4
video3991,swimming,video3991_frame_005.jpg,5
video3991,swimming,video3991_frame_006.jpg,6
video3991,swimming,video3991_frame_007.jpg,7
video3991,swimming,video3991_frame_008.jpg,8
video3991,swimming,video3991_frame_009.jpg,9
video3991,swimming,video3991_frame_010.jpg,10
video3991,swimming,video3991_frame_011.jpg,11
video4075,swimming,video4075_frame_000.jpg,0
video4075,swimming,video4075_frame_001.jpg,1
video4075,swimming,video4075_frame_002.jpg,2
video4075,swimming,video4075_frame_003.jpg,3
video4075,swimming,video4075_frame_004.jpg,4
video4075,swimming,video4075_frame_005.jpg,5
video4075,swimming,video4075_frame_006.jpg,6
video4075,swimming,video4075_frame_007.jpg,7
video4075,swimming,video4075_frame_008.jpg,8
video4075,swimming,video4075_frame_009.jpg,9
video4075,swimming,video4075_frame_010.jpg,10
video4075,swimming,video4075_frame_011.jpg,11
video4176,swimming,video4176_frame_000.jpg,0
video4176,swimming,video4176_frame_001.jpg,1
video4176,swimming,video4176_frame_002.jpg,2
video4176,swimming,video4176_frame_003.jpg,3
video4176,swimming,video4176_frame_004.jpg,4
video4176,swimming,video4176_frame_005.jpg,5
video4176,swimming,video4176_frame_006.jpg,6
video4176,swimming,video4176_frame_007.jpg,7
video4176,swimming,video4176_frame_008.jpg,8
video4176,swimming,video4176_frame_009.jpg,9
video4176,swimming,video4176_frame_010.jpg,10
video4176,swimming,video4176_frame_011.jpg,11
video4239,swimming,video4239_frame_000.jpg,0
video4239,swimming,video4239_frame_001.jpg,1
video4239,swimming,video4239_frame_002.jpg,2
video4239,swimming,video4239_frame_003.jpg,3
video4239,swimming,video4239_frame_004.jpg,4
video4239,swimming,video4239_frame_005.jpg,5
video4239,swimming,video4239_frame_006.jpg,6
video4239,swimming,video4239_frame_007.jpg,7
video4239,swimming,video4239_frame_008.jpg,8
video4239,swimming,video4239_frame_009.jpg,9
video4239,swimming,video4239_frame_010.jpg,10
video4239,swimming,video4239_frame_011.jpg,11
video4440,swimming,video4440_frame_000.jpg,0
video4440,swimming,video4440_frame_001.jpg,1
video4440,swimming,video4440_frame_002.jpg,2
video4440,swimming,video4440_frame_003.jpg,3
video4440,swimming,video4440_frame_004.jpg,4
video4440,swimming,video4440_frame_005.jpg,5
video4440,swimming,video4440_frame_006.jpg,6
video4440,swimming,video4440_frame_007.jpg,7
video4440,swimming,video4440_frame_008.jpg,8
video4440,swimming,video4440_frame_009.jpg,9
video4440,swimming,video4440_frame_010.jpg,10
video4440,swimming,video4440_frame_011.jpg,11
video4481,swimming,video4481_frame_000.jpg,0
video4481,swimming,video4481_frame_001.jpg,1
video4481,swimming,video4481_frame_002.jpg,2
video4481,swimming,video4481_frame_003.jpg,3
video4481,swimming,video4481_frame_004.jpg,4
video4481,swimming,video4481_frame_005.jpg,5
video4481,swimming,video4481_frame_006.jpg,6
video4481,swimming,video4481_frame_007.jpg,7
video4481,swimming,video4481_frame_008.jpg,8
video4481,swimming,video4481_frame_009.jpg,9
video4481,swimming,video4481_frame_010.jpg,10
video4481,swimming,video4481_frame_011.jpg,11
video4540,swimming,video4540_frame_000.jpg,0
video4540,swimming,video4540_frame_001.jpg,1
video4540,swimming,video4540_frame_002.jpg,2
video4540,swimming,video4540_frame_003.jpg,3
video4540,swimming,video4540_frame_004.jpg,4
video4540,swimming,video4540_frame_005.jpg,5
video4540,swimming,video4540_frame_006.jpg,6
video4540,swimming,video4540_frame_007.jpg,7
video4540,swimming,video4540_frame_008.jpg,8
video4540,swimming,video4540_frame_009.jpg,9
video4540,swimming,video4540_frame_010.jpg,10
video4540,swimming,video4540_frame_011.jpg,11
video4558,swimming,video4558_frame_000.jpg,0
video4558,swimming,video4558_frame_001.jpg,1
video4558,swimming,video4558_frame_002.jpg,2
video4558,swimming,video4558_frame_003.jpg,3
video4558,swimming,video4558_frame_004.jpg,4
video4558,swimming,video4558_frame_005.jpg,5
video4558,swimming,video4558_frame_006.jpg,6
video4558,swimming,video4558_frame_007.jpg,7
video4558,swimming,video4558_frame_008.jpg,8
video4558,swimming,video4558_frame_009.jpg,9
video4558,swimming,video4558_frame_010.jpg,10
video4558,swimming,video4558_frame_011.jpg,11
video4736,swimming,video4736_frame_000.jpg,0
video4736,swimming,video4736_frame_001.jpg,1
video4736,swimming,video4736_frame_002.jpg,2
video4736,swimming,video4736_frame_003.jpg,3
video4736,swimming,video4736_frame_004.jpg,4
video4736,swimming,video4736_frame_005.jpg,5
video4736,swimming,video4736_frame_006.jpg,6
video4736,swimming,video4736_frame_007.jpg,7
video4736,swimming,video4736_frame_008.jpg,8
video4736,swimming,video4736_frame_009.jpg,9
video4736,swimming,video4736_frame_010.jpg,10
video4736,swimming,video4736_frame_011.jpg,11
video4950,swimming,video4950_frame_000.jpg,0
video4950,swimming,video4950_frame_001.jpg,1
video4950,swimming,video4950_frame_002.jpg,2
video4950,swimming,video4950_frame_003.jpg,3
video4950,swimming,video4950_frame_004.jpg,4
video4950,swimming,video4950_frame_005.jpg,5
video4950,swimming,video4950_frame_006.jpg,6
video4950,swimming,video4950_frame_007.jpg,7
video4950,swimming,video4950_frame_008.jpg,8
video4950,swimming,video4950_frame_009.jpg,9
video4950,swimming,video4950_frame_010.jpg,10
video4950,swimming,video4950_frame_011.jpg,11
video513,swimming,video513_frame_000.jpg,0
video513,swimming,video513_frame_001.jpg,1
video513,swimming,video513_frame_002.jpg,2
video513,swimming,video513_frame_003.jpg,3
video513,swimming,video513_frame_004.jpg,4
video513,swimming,video513_frame_005.jpg,5
video513,swimming,video513_frame_006.jpg,6
video513,swimming,video513_frame_007.jpg,7
video513,swimming,video513_frame_008.jpg,8
video513,swimming,video513_frame_009.jpg,9
video513,swimming,video513_frame_010.jpg,10
video513,swimming,video513_frame_011.jpg,11
video5197,swimming,video5197_frame_000.jpg,0
video5197,swimming,video5197_frame_001.jpg,1
video5197,swimming,video5197_frame_002.jpg,2
video5197,swimming,video5197_frame_003.jpg,3
video5197,swimming,video5197_frame_004.jpg,4
video5197,swimming,video5197_frame_005.jpg,5
video5197,swimming,video5197_frame_006.jpg,6
video5197,swimming,video5197_frame_007.jpg,7
video5197,swimming,video5197_frame_008.jpg,8
video5197,swimming,video5197_frame_009.jpg,9
video5197,swimming,video5197_frame_010.jpg,10
video5197,swimming,video5197_frame_011.jpg,11
video5216,swimming,video5216_frame_000.jpg,0
video5216,swimming,video5216_frame_001.jpg,1
video5216,swimming,video5216_frame_002.jpg,2
video5216,swimming,video5216_frame_003.jpg,3
video5216,swimming,video5216_frame_004.jpg,4
video5216,swimming,video5216_frame_005.jpg,5
video5216,swimming,video5216_frame_006.jpg,6
video5216,swimming,video5216_frame_007.jpg,7
video5216,swimming,video5216_frame_008.jpg,8
video5216,swimming,video5216_frame_009.jpg,9
video5216,swimming,video5216_frame_010.jpg,10
video5216,swimming,video5216_frame_011.jpg,11
video5411,swimming,video5411_frame_000.jpg,0
video5411,swimming,video5411_frame_001.jpg,1
video5411,swimming,video5411_frame_002.jpg,2
video5411,swimming,video5411_frame_003.jpg,3
video5411,swimming,video5411_frame_004.jpg,4
video5411,swimming,video5411_frame_005.jpg,5
video5411,swimming,video5411_frame_006.jpg,6
video5411,swimming,video5411_frame_007.jpg,7
video5411,swimming,video5411_frame_008.jpg,8
video5411,swimming,video5411_frame_009.jpg,9
video5411,swimming,video5411_frame_010.jpg,10
video5411,swimming,video5411_frame_011.jpg,11
video579,swimming,video579_frame_000.jpg,0
video579,swimming,video579_frame_001.jpg,1
video579,swimming,video579_frame_002.jpg,2
video579,swimming,video579_frame_003.jpg,3
video579,swimming,video579_frame_004.jpg,4
video579,swimming,video579_frame_005.jpg,5
video579,swimming,video579_frame_006.jpg,6
video579,swimming,video579_frame_007.jpg,7
video579,swimming,video579_frame_008.jpg,8
video579,swimming,video579_frame_009.jpg,9
video579,swimming,video579_frame_010.jpg,10
video579,swimming,video579_frame_011.jpg,11
video5820,swimming,video5820_frame_000.jpg,0
video5820,swimming,video5820_frame_001.jpg,1
video5820,swimming,video5820_frame_002.jpg,2
video5820,swimming,video5820_frame_003.jpg,3
video5820,swimming,video5820_frame_004.jpg,4
video5820,swimming,video5820_frame_005.jpg,5
video5820,swimming,video5820_frame_006.jpg,6
video5820,swimming,video5820_frame_007.jpg,7
video5820,swimming,video5820_frame_008.jpg,8
video5820,swimming,video5820_frame_009.jpg,9
video5820,swimming,video5820_frame_010.jpg,10
video5820,swimming,video5820_frame_011.jpg,11
video5862,swimming,video5862_frame_000.jpg,0
video5862,swimming,video5862_frame_001.jpg,1
video5862,swimming,video5862_frame_002.jpg,2
video5862,swimming,video5862_frame_003.jpg,3
video5862,swimming,video5862_frame_004.jpg,4
video5862,swimming,video5862_frame_005.jpg,5
video5862,swimming,video5862_frame_006.jpg,6
video5862,swimming,video5862_frame_007.jpg,7
video5862,swimming,video5862_frame_008.jpg,8
video5862,swimming,video5862_frame_009.jpg,9
video5862,swimming,video5862_frame_010.jpg,10
video5862,swimming,video5862_frame_011.jpg,11
video6185,swimming,video6185_frame_000.jpg,0
video6185,swimming,video6185_frame_001.jpg,1
video6185,swimming,video6185_frame_002.jpg,2
video6185,swimming,video6185_frame_003.jpg,3
video6185,swimming,video6185_frame_004.jpg,4
video6185,swimming,video6185_frame_005.jpg,5
video6185,swimming,video6185_frame_006.jpg,6
video6185,swimming,video6185_frame_007.jpg,7
video6185,swimming,video6185_frame_008.jpg,8
video6185,swimming,video6185_frame_009.jpg,9
video6185,swimming,video6185_frame_010.jpg,10
video6185,swimming,video6185_frame_011.jpg,11
video6551,swimming,video6551_frame_000.jpg,0
video6551,swimming,video6551_frame_001.jpg,1
video6551,swimming,video6551_frame_002.jpg,2
video6551,swimming,video6551_frame_003.jpg,3
video6551,swimming,video6551_frame_004.jpg,4
video6551,swimming,video6551_frame_005.jpg,5
video6551,swimming,video6551_frame_006.jpg,6
video6551,swimming,video6551_frame_007.jpg,7
video6551,swimming,video6551_frame_008.jpg,8
video6551,swimming,video6551_frame_009.jpg,9
video6551,swimming,video6551_frame_010.jpg,10
video6551,swimming,video6551_frame_011.jpg,11
video6791,swimming,video6791_frame_000.jpg,0
video6791,swimming,video6791_frame_001.jpg,1
video6791,swimming,video6791_frame_002.jpg,2
video6791,swimming,video6791_frame_003.jpg,3
video6791,swimming,video6791_frame_004.jpg,4
video6791,swimming,video6791_frame_005.jpg,5
video6791,swimming,video6791_frame_006.jpg,6
video6791,swimming,video6791_frame_007.jpg,7
video6791,swimming,video6791_frame_008.jpg,8
video6791,swimming,video6791_frame_009.jpg,9
video6791,swimming,video6791_frame_010.jpg,10
video6791,swimming,video6791_frame_011.jpg,11
video6829,swimming,video6829_frame_000.jpg,0
video6829,swimming,video6829_frame_001.jpg,1
video6829,swimming,video6829_frame_002.jpg,2
video6829,swimming,video6829_frame_003.jpg,3
video6829,swimming,video6829_frame_004.jpg,4
video6829,swimming,video6829_frame_005.jpg,5
video6829,swimming,video6829_frame_006.jpg,6
video6829,swimming,video6829_frame_007.jpg,7
video6829,swimming,video6829_frame_008.jpg,8
video6829,swimming,video6829_frame_009.jpg,9
video6829,swimming,video6829_frame_010.jpg,10
video6829,swimming,video6829_frame_011.jpg,11
video6850,swimming,video6850_frame_000.jpg,0
video6850,swimming,video6850_frame_001.jpg,1
video6850,swimming,video6850_frame_002.jpg,2
video6850,swimming,video6850_frame_003.jpg,3
video6850,swimming,video6850_frame_004.jpg,4
video6850,swimming,video6850_frame_005.jpg,5
video6850,swimming,video6850_frame_006.jpg,6
video6850,swimming,video6850_frame_007.jpg,7
video6850,swimming,video6850_frame_008.jpg,8
video6850,swimming,video6850_frame_009.jpg,9
video6850,swimming,video6850_frame_010.jpg,10
video6850,swimming,video6850_frame_011.jpg,11
video7951,swimming,video7951_frame_000.jpg,0
video7951,swimming,video7951_frame_001.jpg,1
video7951,swimming,video7951_frame_002.jpg,2
video7951,swimming,video7951_frame_003.jpg,3
video7951,swimming,video7951_frame_004.jpg,4
video7951,swimming,video7951_frame_005.jpg,5
video7951,swimming,video7951_frame_006.jpg,6
video7951,swimming,video7951_frame_007.jpg,7
video7951,swimming,video7951_frame_008.jpg,8
video7951,swimming,video7951_frame_009.jpg,9
video7951,swimming,video7951_frame_010.jpg,10
video7951,swimming,video7951_frame_011.jpg,11
video8271,swimming,video8271_frame_000.jpg,0
video8271,swimming,video8271_frame_001.jpg,1
video8271,swimming,video8271_frame_002.jpg,2
video8271,swimming,video8271_frame_003.jpg,3
video8271,swimming,video8271_frame_004.jpg,4
video8271,swimming,video8271_frame_005.jpg,5
video8271,swimming,video8271_frame_006.jpg,6
video8271,swimming,video8271_frame_007.jpg,7
video8271,swimming,video8271_frame_008.jpg,8
video8271,swimming,video8271_frame_009.jpg,9
video8271,swimming,video8271_frame_010.jpg,10
video8271,swimming,video8271_frame_011.jpg,11
video835,swimming,video835_frame_000.jpg,0
video835,swimming,video835_frame_001.jpg,1
video835,swimming,video835_frame_002.jpg,2
video835,swimming,video835_frame_003.jpg,3
video835,swimming,video835_frame_004.jpg,4
video835,swimming,video835_frame_005.jpg,5
video835,swimming,video835_frame_006.jpg,6
video835,swimming,video835_frame_007.jpg,7
video835,swimming,video835_frame_008.jpg,8
video835,swimming,video835_frame_009.jpg,9
video835,swimming,video835_frame_010.jpg,10
video835,swimming,video835_frame_011.jpg,11
video1388,tennis,video1388_frame_000.jpg,0
video1388,tennis,video1388_frame_001.jpg,1
video1388,tennis,video1388_frame_002.jpg,2
video1388,tennis,video1388_frame_003.jpg,3
video1388,tennis,video1388_frame_004.jpg,4
video1388,tennis,video1388_frame_005.jpg,5
video1388,tennis,video1388_frame_006.jpg,6
video1388,tennis,video1388_frame_007.jpg,7
video1388,tennis,video1388_frame_008.jpg,8
video1388,tennis,video1388_frame_009.jpg,9
video1388,tennis,video1388_frame_010.jpg,10
video1388,tennis,video1388_frame_011.jpg,11
video1536,tennis,video1536_frame_000.jpg,0
video1536,tennis,video1536_frame_001.jpg,1
video1536,tennis,video1536_frame_002.jpg,2
video1536,tennis,video1536_frame_003.jpg,3
video1536,tennis,video1536_frame_004.jpg,4
video1536,tennis,video1536_frame_005.jpg,5
video1536,tennis,video1536_frame_006.jpg,6
video1536,tennis,video1536_frame_007.jpg,7
video1536,tennis,video1536_frame_008.jpg,8
video1536,tennis,video1536_frame_009.jpg,9
video1536,tennis,video1536_frame_010.jpg,10
video1536,tennis,video1536_frame_011.jpg,11
video1543,tennis,video1543_frame_000.jpg,0
video1543,tennis,video1543_frame_001.jpg,1
video1543,tennis,video1543_frame_002.jpg,2
video1543,tennis,video1543_frame_003.jpg,3
video1543,tennis,video1543_frame_004.jpg,4
video1543,tennis,video1543_frame_005.jpg,5
video1543,tennis,video1543_frame_006.jpg,6
video1543,tennis,video1543_frame_007.jpg,7
video1543,tennis,video1543_frame_008.jpg,8
video1543,tennis,video1543_frame_009.jpg,9
video1543,tennis,video1543_frame_010.jpg,10
video1543,tennis,video1543_frame_011.jpg,11
video1545,tennis,video1545_frame_000.jpg,0
video1545,tennis,video1545_frame_001.jpg,1
video1545,tennis,video1545_frame_002.jpg,2
video1545,tennis,video1545_frame_003.jpg,3
video1545,tennis,video1545_frame_004.jpg,4
video1545,tennis,video1545_frame_005.jpg,5
video1545,tennis,video1545_frame_006.jpg,6
video1545,tennis,video1545_frame_007.jpg,7
video1545,tennis,video1545_frame_008.jpg,8
video1545,tennis,video1545_frame_009.jpg,9
video1545,tennis,video1545_frame_010.jpg,10
video1545,tennis,video1545_frame_011.jpg,11
video1608,tennis,video1608_frame_000.jpg,0
video1608,tennis,video1608_frame_001.jpg,1
video1608,tennis,video1608_frame_002.jpg,2
video1608,tennis,video1608_frame_003.jpg,3
video1608,tennis,video1608_frame_004.jpg,4
video1608,tennis,video1608_frame_005.jpg,5
video1608,tennis,video1608_frame_006.jpg,6
video1608,tennis,video1608_frame_007.jpg,7
video1608,tennis,video1608_frame_008.jpg,8
video1608,tennis,video1608_frame_009.jpg,9
video1608,tennis,video1608_frame_010.jpg,10
video1608,tennis,video1608_frame_011.jpg,11
video19,tennis,video19_frame_000.jpg,0
video19,tennis,video19_frame_001.jpg,1
video19,tennis,video19_frame_002.jpg,2
video19,tennis,video19_frame_003.jpg,3
video19,tennis,video19_frame_004.jpg,4
video19,tennis,video19_frame_005.jpg,5
video19,tennis,video19_frame_006.jpg,6
video19,tennis,video19_frame_007.jpg,7
video19,tennis,video19_frame_008.jpg,8
video19,tennis,video19_frame_009.jpg,9
video19,tennis,video19_frame_010.jpg,10
video19,tennis,video19_frame_011.jpg,11
video2379,tennis,video2379_frame_000.jpg,0
video2379,tennis,video2379_frame_001.jpg,1
video2379,tennis,video2379_frame_002.jpg,2
video2379,tennis,video2379_frame_003.jpg,3
video2379,tennis,video2379_frame_004.jpg,4
video2379,tennis,video2379_frame_005.jpg,5
video2379,tennis,video2379_frame_006.jpg,6
video2379,tennis,video2379_frame_007.jpg,7
video2379,tennis,video2379_frame_008.jpg,8
video2379,tennis,video2379_frame_009.jpg,9
video2379,tennis,video2379_frame_010.jpg,10
video2379,tennis,video2379_frame_011.jpg,11
video2608,tennis,video2608_frame_000.jpg,0
video2608,tennis,video2608_frame_001.jpg,1
video2608,tennis,video2608_frame_002.jpg,2
video2608,tennis,video2608_frame_003.jpg,3
video2608,tennis,video2608_frame_004.jpg,4
video2608,tennis,video2608_frame_005.jpg,5
video2608,tennis,video2608_frame_006.jpg,6
video2608,tennis,video2608_frame_007.jpg,7
video2608,tennis,video2608_frame_008.jpg,8
video2608,tennis,video2608_frame_009.jpg,9
video2608,tennis,video2608_frame_010.jpg,10
video2608,tennis,video2608_frame_011.jpg,11
video2860,tennis,video2860_frame_000.jpg,0
video2860,tennis,video2860_frame_001.jpg,1
video2860,tennis,video2860_frame_002.jpg,2
video2860,tennis,video2860_frame_003.jpg,3
video2860,tennis,video2860_frame_004.jpg,4
video2860,tennis,video2860_frame_005.jpg,5
video2860,tennis,video2860_frame_006.jpg,6
video2860,tennis,video2860_frame_007.jpg,7
video2860,tennis,video2860_frame_008.jpg,8
video2860,tennis,video2860_frame_009.jpg,9
video2860,tennis,video2860_frame_010.jpg,10
video2860,tennis,video2860_frame_011.jpg,11
video3872,tennis,video3872_frame_000.jpg,0
video3872,tennis,video3872_frame_001.jpg,1
video3872,tennis,video3872_frame_002.jpg,2
video3872,tennis,video3872_frame_003.jpg,3
video3872,tennis,video3872_frame_004.jpg,4
video3872,tennis,video3872_frame_005.jpg,5
video3872,tennis,video3872_frame_006.jpg,6
video3872,tennis,video3872_frame_007.jpg,7
video3872,tennis,video3872_frame_008.jpg,8
video3872,tennis,video3872_frame_009.jpg,9
video3872,tennis,video3872_frame_010.jpg,10
video3872,tennis,video3872_frame_011.jpg,11
video4221,tennis,video4221_frame_000.jpg,0
video4221,tennis,video4221_frame_001.jpg,1
video4221,tennis,video4221_frame_002.jpg,2
video4221,tennis,video4221_frame_003.jpg,3
video4221,tennis,video4221_frame_004.jpg,4
video4221,tennis,video4221_frame_005.jpg,5
video4221,tennis,video4221_frame_006.jpg,6
video4221,tennis,video4221_frame_007.jpg,7
video4221,tennis,video4221_frame_008.jpg,8
video4221,tennis,video4221_frame_009.jpg,9
video4221,tennis,video4221_frame_010.jpg,10
video4221,tennis,video4221_frame_011.jpg,11
video4273,tennis,video4273_frame_000.jpg,0
video4273,tennis,video4273_frame_001.jpg,1
video4273,tennis,video4273_frame_002.jpg,2
video4273,tennis,video4273_frame_003.jpg,3
video4273,tennis,video4273_frame_004.jpg,4
video4273,tennis,video4273_frame_005.jpg,5
video4273,tennis,video4273_frame_006.jpg,6
video4273,tennis,video4273_frame_007.jpg,7
video4273,tennis,video4273_frame_008.jpg,8
video4273,tennis,video4273_frame_009.jpg,9
video4273,tennis,video4273_frame_010.jpg,10
video4273,tennis,video4273_frame_011.jpg,11
video4474,tennis,video4474_frame_000.jpg,0
video4474,tennis,video4474_frame_001.jpg,1
video4474,tennis,video4474_frame_002.jpg,2
video4474,tennis,video4474_frame_003.jpg,3
video4474,tennis,video4474_frame_004.jpg,4
video4474,tennis,video4474_frame_005.jpg,5
video4474,tennis,video4474_frame_006.jpg,6
video4474,tennis,video4474_frame_007.jpg,7
video4474,tennis,video4474_frame_008.jpg,8
video4474,tennis,video4474_frame_009.jpg,9
video4474,tennis,video4474_frame_010.jpg,10
video4474,tennis,video4474_frame_011.jpg,11
video4769,tennis,video4769_frame_000.jpg,0
video4769,tennis,video4769_frame_001.jpg,1
video4769,tennis,video4769_frame_002.jpg,2
video4769,tennis,video4769_frame_003.jpg,3
video4769,tennis,video4769_frame_004.jpg,4
video4769,tennis,video4769_frame_005.jpg,5
video4769,tennis,video4769_frame_006.jpg,6
video4769,tennis,video4769_frame_007.jpg,7
video4769,tennis,video4769_frame_008.jpg,8
video4769,tennis,video4769_frame_009.jpg,9
video4769,tennis,video4769_frame_010.jpg,10
video4769,tennis,video4769_frame_011.jpg,11
video5144,tennis,video5144_frame_000.jpg,0
video5144,tennis,video5144_frame_001.jpg,1
video5144,tennis,video5144_frame_002.jpg,2
video5144,tennis,video5144_frame_003.jpg,3
video5144,tennis,video5144_frame_004.jpg,4
video5144,tennis,video5144_frame_005.jpg,5
video5144,tennis,video5144_frame_006.jpg,6
video5144,tennis,video5144_frame_007.jpg,7
video5144,tennis,video5144_frame_008.jpg,8
video5144,tennis,video5144_frame_009.jpg,9
video5144,tennis,video5144_frame_010.jpg,10
video5144,tennis,video5144_frame_011.jpg,11
video5154,tennis,video5154_frame_000.jpg,0
video5154,tennis,video5154_frame_001.jpg,1
video5154,tennis,video5154_frame_002.jpg,2
video5154,tennis,video5154_frame_003.jpg,3
video5154,tennis,video5154_frame_004.jpg,4
video5154,tennis,video5154_frame_005.jpg,5
video5154,tennis,video5154_frame_006.jpg,6
video5154,tennis,video5154_frame_007.jpg,7
video5154,tennis,video5154_frame_008.jpg,8
video5154,tennis,video5154_frame_009.jpg,9
video5154,tennis,video5154_frame_010.jpg,10
video5154,tennis,video5154_frame_011.jpg,11
video522,tennis,video522_frame_000.jpg,0
video522,tennis,video522_frame_001.jpg,1
video522,tennis,video522_frame_002.jpg,2
video522,tennis,video522_frame_003.jpg,3
video522,tennis,video522_frame_004.jpg,4
video522,tennis,video522_frame_005.jpg,5
video522,tennis,video522_frame_006.jpg,6
video522,tennis,video522_frame_007.jpg,7
video522,tennis,video522_frame_008.jpg,8
video522,tennis,video522_frame_009.jpg,9
video522,tennis,video522_frame_010.jpg,10
video522,tennis,video522_frame_011.jpg,11
video5368,tennis,video5368_frame_000.jpg,0
video5368,tennis,video5368_frame_001.jpg,1
video5368,tennis,video5368_frame_002.jpg,2
video5368,tennis,video5368_frame_003.jpg,3
video5368,tennis,video5368_frame_004.jpg,4
video5368,tennis,video5368_frame_005.jpg,5
video5368,tennis,video5368_frame_006.jpg,6
video5368,tennis,video5368_frame_007.jpg,7
video5368,tennis,video5368_frame_008.jpg,8
video5368,tennis,video5368_frame_009.jpg,9
video5368,tennis,video5368_frame_010.jpg,10
video5368,tennis,video5368_frame_011.jpg,11
video5845,tennis,video5845_frame_000.jpg,0
video5845,tennis,video5845_frame_001.jpg,1
video5845,tennis,video5845_frame_002.jpg,2
video5845,tennis,video5845_frame_003.jpg,3
video5845,tennis,video5845_frame_004.jpg,4
video5845,tennis,video5845_frame_005.jpg,5
video5845,tennis,video5845_frame_006.jpg,6
video5845,tennis,video5845_frame_007.jpg,7
video5845,tennis,video5845_frame_008.jpg,8
video5845,tennis,video5845_frame_009.jpg,9
video5845,tennis,video5845_frame_010.jpg,10
video5845,tennis,video5845_frame_011.jpg,11
video5863,tennis,video5863_frame_000.jpg,0
video5863,tennis,video5863_frame_001.jpg,1
video5863,tennis,video5863_frame_002.jpg,2
video5863,tennis,video5863_frame_003.jpg,3
video5863,tennis,video5863_frame_004.jpg,4
video5863,tennis,video5863_frame_005.jpg,5
video5863,tennis,video5863_frame_006.jpg,6
video5863,tennis,video5863_frame_007.jpg,7
video5863,tennis,video5863_frame_008.jpg,8
video5863,tennis,video5863_frame_009.jpg,9
video5863,tennis,video5863_frame_010.jpg,10
video5863,tennis,video5863_frame_011.jpg,11
video5939,tennis,video5939_frame_000.jpg,0
video5939,tennis,video5939_frame_001.jpg,1
video5939,tennis,video5939_frame_002.jpg,2
video5939,tennis,video5939_frame_003.jpg,3
video5939,tennis,video5939_frame_004.jpg,4
video5939,tennis,video5939_frame_005.jpg,5
video5939,tennis,video5939_frame_006.jpg,6
video5939,tennis,video5939_frame_007.jpg,7
video5939,tennis,video5939_frame_008.jpg,8
video5939,tennis,video5939_frame_009.jpg,9
video5939,tennis,video5939_frame_010.jpg,10
video5939,tennis,video5939_frame_011.jpg,11
video6156,tennis,video6156_frame_000.jpg,0
video6156,tennis,video6156_frame_001.jpg,1
video6156,tennis,video6156_frame_002.jpg,2
video6156,tennis,video6156_frame_003.jpg,3
video6156,tennis,video6156_frame_004.jpg,4
video6156,tennis,video6156_frame_005.jpg,5
video6156,tennis,video6156_frame_006.jpg,6
video6156,tennis,video6156_frame_007.jpg,7
video6156,tennis,video6156_frame_008.jpg,8
video6156,tennis,video6156_frame_009.jpg,9
video6156,tennis,video6156_frame_010.jpg,10
video6156,tennis,video6156_frame_011.jpg,11
video6187,tennis,video6187_frame_000.jpg,0
video6187,tennis,video6187_frame_001.jpg,1
video6187,tennis,video6187_frame_002.jpg,2
video6187,tennis,video6187_frame_003.jpg,3
video6187,tennis,video6187_frame_004.jpg,4
video6187,tennis,video6187_frame_005.jpg,5
video6187,tennis,video6187_frame_006.jpg,6
video6187,tennis,video6187_frame_007.jpg,7
video6187,tennis,video6187_frame_008.jpg,8
video6187,tennis,video6187_frame_009.jpg,9
video6187,tennis,video6187_frame_010.jpg,10
video6187,tennis,video6187_frame_011.jpg,11
video671,tennis,video671_frame_000.jpg,0
video671,tennis,video671_frame_001.jpg,1
video671,tennis,video671_frame_002.jpg,2
video671,tennis,video671_frame_003.jpg,3
video671,tennis,video671_frame_004.jpg,4
video671,tennis,video671_frame_005.jpg,5
video671,tennis,video671_frame_006.jpg,6
video671,tennis,video671_frame_007.jpg,7
video671,tennis,video671_frame_008.jpg,8
video671,tennis,video671_frame_009.jpg,9
video671,tennis,video671_frame_010.jpg,10
video671,tennis,video671_frame_011.jpg,11
video6867,tennis,video6867_frame_000.jpg,0
video6867,tennis,video6867_frame_001.jpg,1
video6867,tennis,video6867_frame_002.jpg,2
video6867,tennis,video6867_frame_003.jpg,3
video6867,tennis,video6867_frame_004.jpg,4
video6867,tennis,video6867_frame_005.jpg,5
video6867,tennis,video6867_frame_006.jpg,6
video6867,tennis,video6867_frame_007.jpg,7
video6867,tennis,video6867_frame_008.jpg,8
video6867,tennis,video6867_frame_009.jpg,9
video6867,tennis,video6867_frame_010.jpg,10
video6867,tennis,video6867_frame_011.jpg,11
video6973,tennis,video6973_frame_000.jpg,0
video6973,tennis,video6973_frame_001.jpg,1
video6973,tennis,video6973_frame_002.jpg,2
video6973,tennis,video6973_frame_003.jpg,3
video6973,tennis,video6973_frame_004.jpg,4
video6973,tennis,video6973_frame_005.jpg,5
video6973,tennis,video6973_frame_006.jpg,6
video6973,tennis,video6973_frame_007.jpg,7
video6973,tennis,video6973_frame_008.jpg,8
video6973,tennis,video6973_frame_009.jpg,9
video6973,tennis,video6973_frame_010.jpg,10
video6973,tennis,video6973_frame_011.jpg,11
video6979,tennis,video6979_frame_000.jpg,0
video6979,tennis,video6979_frame_001.jpg,1
video6979,tennis,video6979_frame_002.jpg,2
video6979,tennis,video6979_frame_003.jpg,3
video6979,tennis,video6979_frame_004.jpg,4
video6979,tennis,video6979_frame_005.jpg,5
video6979,tennis,video6979_frame_006.jpg,6
video6979,tennis,video6979_frame_007.jpg,7
video6979,tennis,video6979_frame_008.jpg,8
video6979,tennis,video6979_frame_009.jpg,9
video6979,tennis,video6979_frame_010.jpg,10
video6979,tennis,video6979_frame_011.jpg,11
video7190,tennis,video7190_frame_000.jpg,0
video7190,tennis,video7190_frame_001.jpg,1
video7190,tennis,video7190_frame_002.jpg,2
video7190,tennis,video7190_frame_003.jpg,3
video7190,tennis,video7190_frame_004.jpg,4
video7190,tennis,video7190_frame_005.jpg,5
video7190,tennis,video7190_frame_006.jpg,6
video7190,tennis,video7190_frame_007.jpg,7
video7190,tennis,video7190_frame_008.jpg,8
video7190,tennis,video7190_frame_009.jpg,9
video7190,tennis,video7190_frame_010.jpg,10
video7190,tennis,video7190_frame_011.jpg,11
video787,tennis,video787_frame_000.jpg,0
video787,tennis,video787_frame_001.jpg,1
video787,tennis,video787_frame_002.jpg,2
video787,tennis,video787_frame_003.jpg,3
video787,tennis,video787_frame_004.jpg,4
video787,tennis,video787_frame_005.jpg,5
video787,tennis,video787_frame_006.jpg,6
video787,tennis,video787_frame_007.jpg,7
video787,tennis,video787_frame_008.jpg,8
video787,tennis,video787_frame_009.jpg,9
video787,tennis,video787_frame_010.jpg,10
video787,tennis,video787_frame_011.jpg,11
video8104,tennis,video8104_frame_000.jpg,0
video8104,tennis,video8104_frame_001.jpg,1
video8104,tennis,video8104_frame_002.jpg,2
video8104,tennis,video8104_frame_003.jpg,3
video8104,tennis,video8104_frame_004.jpg,4
video8104,tennis,video8104_frame_005.jpg,5
video8104,tennis,video8104_frame_006.jpg,6
video8104,tennis,video8104_frame_007.jpg,7
video8104,tennis,video8104_frame_008.jpg,8
video8104,tennis,video8104_frame_009.jpg,9
video8104,tennis,video8104_frame_010.jpg,10
video8104,tennis,video8104_frame_011.jpg,11
video8699,tennis,video8699_frame_000.jpg,0
video8699,tennis,video8699_frame_001.jpg,1
video8699,tennis,video8699_frame_002.jpg,2
video8699,tennis,video8699_frame_003.jpg,3
video8699,tennis,video8699_frame_004.jpg,4
video8699,tennis,video8699_frame_005.jpg,5
video8699,tennis,video8699_frame_006.jpg,6
video8699,tennis,video8699_frame_007.jpg,7
video8699,tennis,video8699_frame_008.jpg,8
video8699,tennis,video8699_frame_009.jpg,9
video8699,tennis,video8699_frame_010.jpg,10
video8699,tennis,video8699_frame_011.jpg,11
video8706,tennis,video8706_frame_000.jpg,0
video8706,tennis,video8706_frame_001.jpg,1
video8706,tennis,video8706_frame_002.jpg,2
video8706,tennis,video8706_frame_003.jpg,3
video8706,tennis,video8706_frame_004.jpg,4
video8706,tennis,video8706_frame_005.jpg,5
video8706,tennis,video8706_frame_006.jpg,6
video8706,tennis,video8706_frame_007.jpg,7
video8706,tennis,video8706_frame_008.jpg,8
video8706,tennis,video8706_frame_009.jpg,9
video8706,tennis,video8706_frame_010.jpg,10
video8706,tennis,video8706_frame_011.jpg,11
video9363,tennis,video9363_frame_000.jpg,0
video9363,tennis,video9363_frame_001.jpg,1
video9363,tennis,video9363_frame_002.jpg,2
video9363,tennis,video9363_frame_003.jpg,3
video9363,tennis,video9363_frame_004.jpg,4
video9363,tennis,video9363_frame_005.jpg,5
video9363,tennis,video9363_frame_006.jpg,6
video9363,tennis,video9363_frame_007.jpg,7
video9363,tennis,video9363_frame_008.jpg,8
video9363,tennis,video9363_frame_009.jpg,9
video9363,tennis,video9363_frame_010.jpg,10
video9363,tennis,video9363_frame_011.jpg,11
