image_id,image_path,caption,clipscore_simplificado
video4177,/workspace/Exposicion2/notebook_MSR_VTT/data/raw/video4177.jpg,a basketball game is occurring,0.1872271
video4087,/workspace/Exposicion2/notebook_MSR_VTT/data/raw/video4087.jpg,a basketball player celebrates winning an award,0.18780987
video3525,/workspace/Exposicion2/notebook_MSR_VTT/data/raw/video3525.jpg,a dog is running on a field,0.19282442
video2967,/workspace/Exposicion2/notebook_MSR_VTT/data/raw/video2967.jpg,a basketball player dunks the  ball,0.19463058
video3373,/workspace/Exposicion2/notebook_MSR_VTT/data/raw/video3373.jpg,a football players are running,0.19466266
video3872,/workspace/Exposicion2/notebook_MSR_VTT/data/raw/video3872.jpg,two men compete in a game of table tennis by vigorously volleying the ping pong ball over the net,0.2035145
video1954,/workspace/Exposicion2/notebook_MSR_VTT/data/raw/video1954.jpg,a blocky video game character is running towards a flight of stairs while dodging arrows and firing back at his assailant before finally reaching the stairs and walking up them victoriously,0.204099
video2553,/workspace/Exposicion2/notebook_MSR_VTT/data/raw/video2553.jpg,there is a animated character playing tennis  very slowly,0.20712288
video3242,/workspace/Exposicion2/notebook_MSR_VTT/data/raw/video3242.jpg,a montoge of soccer games,0.21405447
video3541,/workspace/Exposicion2/notebook_MSR_VTT/data/raw/video3541.jpg,three basketball players in orange shirts perform fantastic moves,0.2166304
video4167,/workspace/Exposicion2/notebook_MSR_VTT/data/raw/video4167.jpg,a group of mermaids are a swimming in the ocean with other water creatures,0.2224009
video2120,/workspace/Exposicion2/notebook_MSR_VTT/data/raw/video2120.jpg,a golfer drives a ball,0.22396293
video1913,/workspace/Exposicion2/notebook_MSR_VTT/data/raw/video1913.jpg,a football player dances with his team-mates,0.22641587
video3346,/workspace/Exposicion2/notebook_MSR_VTT/data/raw/video3346.jpg,a college football game being played,0.22661269
video3228,/workspace/Exposicion2/notebook_MSR_VTT/data/raw/video3228.jpg,a man in white tshirt is running way from someone,0.227422
video1940,/workspace/Exposicion2/notebook_MSR_VTT/data/raw/video1940.jpg,a baseball player is sliding into second base,0.22780196
video4091,/workspace/Exposicion2/notebook_MSR_VTT/data/raw/video4091.jpg,a star on the abc network enjoys jet-skiing on a lake,0.22856197
video3265,/workspace/Exposicion2/notebook_MSR_VTT/data/raw/video3265.jpg,3 guys talking about if wiffleball or baseball is better,0.23138033
video4201,/workspace/Exposicion2/notebook_MSR_VTT/data/raw/video4201.jpg,a basketball player lands a shot from half court,0.2321071
video3764,/workspace/Exposicion2/notebook_MSR_VTT/data/raw/video3764.jpg,a basketball player dunking,0.23423588
video3597,/workspace/Exposicion2/notebook_MSR_VTT/data/raw/video3597.jpg,a basketball game is played,0.23550317
video2664,/workspace/Exposicion2/notebook_MSR_VTT/data/raw/video2664.jpg,a tshirt man is playing table tennis,0.23716307
video3644,/workspace/Exposicion2/notebook_MSR_VTT/data/raw/video3644.jpg,there are many people enjoy swimming in water,0.23719195
video3773,/workspace/Exposicion2/notebook_MSR_VTT/data/raw/video3773.jpg,a football game is being played on full snow covered field,0.23828655
video2944,/workspace/Exposicion2/notebook_MSR_VTT/data/raw/video2944.jpg,a baseball clip and a football clip of the saints plays,0.2388294
video347,/workspace/Exposicion2/notebook_MSR_VTT/data/raw/video347.jpg,a man is skiing down a mountain and views from the mountain are shown,0.23937577
video4198,/workspace/Exposicion2/notebook_MSR_VTT/data/raw/video4198.jpg,a young africa-american man speaks of his time playing basketball and his father s incredulity as to his son s career choice,0.23942804
video4071,/workspace/Exposicion2/notebook_MSR_VTT/data/raw/video4071.jpg,there is a man running in to the grass,0.24069646
video1734,/workspace/Exposicion2/notebook_MSR_VTT/data/raw/video1734.jpg,a football match is going on,0.24094683
video2434,/workspace/Exposicion2/notebook_MSR_VTT/data/raw/video2434.jpg,a commentator is talking about a soccer game,0.24172206
video1295,/workspace/Exposicion2/notebook_MSR_VTT/data/raw/video1295.jpg,a football player makes a point for his team,0.24398153
video1241,/workspace/Exposicion2/notebook_MSR_VTT/data/raw/video1241.jpg,a game of soccer is being played,0.24480233
video1480,/workspace/Exposicion2/notebook_MSR_VTT/data/raw/video1480.jpg,a man is jumping and running while another man is watching,0.2448407
video2909,/workspace/Exposicion2/notebook_MSR_VTT/data/raw/video2909.jpg,a football play from several different angles,0.24516642
video2835,/workspace/Exposicion2/notebook_MSR_VTT/data/raw/video2835.jpg,a football game with a player making a touch down,0.24523723
video2311,/workspace/Exposicion2/notebook_MSR_VTT/data/raw/video2311.jpg,a basketball player performs a slam dunk,0.24546814
video2580,/workspace/Exposicion2/notebook_MSR_VTT/data/raw/video2580.jpg,a clip of a man entering a boxing ring,0.24557142
video3545,/workspace/Exposicion2/notebook_MSR_VTT/data/raw/video3545.jpg,a musical video showing a girl with a light blue cap and a person running in the back,0.2459856
video3894,/workspace/Exposicion2/notebook_MSR_VTT/data/raw/video3894.jpg,a compilation of football highlights,0.24619317
video3634,/workspace/Exposicion2/notebook_MSR_VTT/data/raw/video3634.jpg,a discussion of an old football game,0.24636683
video2282,/workspace/Exposicion2/notebook_MSR_VTT/data/raw/video2282.jpg,a gamer plays a soccer video game,0.24878705
video1997,/workspace/Exposicion2/notebook_MSR_VTT/data/raw/video1997.jpg,a man is water skiing behind a boat,0.24961853
video1408,/workspace/Exposicion2/notebook_MSR_VTT/data/raw/video1408.jpg,a football player with a football,0.2502191
video2762,/workspace/Exposicion2/notebook_MSR_VTT/data/raw/video2762.jpg,a lawn tennis video game,0.25035843
video1623,/workspace/Exposicion2/notebook_MSR_VTT/data/raw/video1623.jpg,a basketball game being played,0.253671
video2054,/workspace/Exposicion2/notebook_MSR_VTT/data/raw/video2054.jpg,men are playing soccer and a man in a red shirt and a man in a yellow shirt get tackled,0.25378558
video2860,/workspace/Exposicion2/notebook_MSR_VTT/data/raw/video2860.jpg,two players wearing black and white dress playing the tennis well in the tennis court,0.2550895
video2586,/workspace/Exposicion2/notebook_MSR_VTT/data/raw/video2586.jpg,a group of soccer fans cheer while watching a game,0.2566837
video3540,/workspace/Exposicion2/notebook_MSR_VTT/data/raw/video3540.jpg,a football player is making a goal into the goal post,0.25702316
video1354,/workspace/Exposicion2/notebook_MSR_VTT/data/raw/video1354.jpg,a football player is tackling another player,0.25722837
video1030,/workspace/Exposicion2/notebook_MSR_VTT/data/raw/video1030.jpg,a man talks about football scores,0.25834322
video3129,/workspace/Exposicion2/notebook_MSR_VTT/data/raw/video3129.jpg,there is a man running on the woods,0.2588167
video2926,/workspace/Exposicion2/notebook_MSR_VTT/data/raw/video2926.jpg,a guy in the gym describing how to make moves in basketball,0.259619
video1368,/workspace/Exposicion2/notebook_MSR_VTT/data/raw/video1368.jpg,a cartoon animal is running around,0.26002792
video1211,/workspace/Exposicion2/notebook_MSR_VTT/data/raw/video1211.jpg,a cowboy and a police officer firings guns followed by football action,0.2602325
video2998,/workspace/Exposicion2/notebook_MSR_VTT/data/raw/video2998.jpg,a man is holding a football,0.26060802
video2390,/workspace/Exposicion2/notebook_MSR_VTT/data/raw/video2390.jpg,a basketball game is played,0.26077414
video2445,/workspace/Exposicion2/notebook_MSR_VTT/data/raw/video2445.jpg,a man catches footballs while navigating abound small pools of water,0.2611861
video2959,/workspace/Exposicion2/notebook_MSR_VTT/data/raw/video2959.jpg,a football player is making a catch,0.26226366
video2248,/workspace/Exposicion2/notebook_MSR_VTT/data/raw/video2248.jpg,on a baseball field referees discuss a play,0.26508048
video2314,/workspace/Exposicion2/notebook_MSR_VTT/data/raw/video2314.jpg,there is a tiger running towards the water,0.26592788
video2101,/workspace/Exposicion2/notebook_MSR_VTT/data/raw/video2101.jpg,a basketball player shoots a basket,0.2682979
video1249,/workspace/Exposicion2/notebook_MSR_VTT/data/raw/video1249.jpg,a clip of a football game,0.26929158
video2884,/workspace/Exposicion2/notebook_MSR_VTT/data/raw/video2884.jpg,a college football game is shown,0.27035257
video1071,/workspace/Exposicion2/notebook_MSR_VTT/data/raw/video1071.jpg,a couple of people shooting a basketball,0.2715326
video1247,/workspace/Exposicion2/notebook_MSR_VTT/data/raw/video1247.jpg,a football player scores a touchdown,0.27178168
video2994,/workspace/Exposicion2/notebook_MSR_VTT/data/raw/video2994.jpg,a basketball game is played and commentated,0.272281
video3628,/workspace/Exposicion2/notebook_MSR_VTT/data/raw/video3628.jpg,a basketball highlight reel shows good and funny shots,0.27233812
video3075,/workspace/Exposicion2/notebook_MSR_VTT/data/raw/video3075.jpg,a man points at the concrete driveway and a man attempts a long shot to a basketball goal and misses,0.2768079
video1652,/workspace/Exposicion2/notebook_MSR_VTT/data/raw/video1652.jpg,a basketball player shooting a jump shot and then celebrating afterwords,0.27720153
video4158,/workspace/Exposicion2/notebook_MSR_VTT/data/raw/video4158.jpg,a man heads a soccer ball,0.27950102
video2877,/workspace/Exposicion2/notebook_MSR_VTT/data/raw/video2877.jpg,a basketball player shoots a layup,0.2799959
video3661,/workspace/Exposicion2/notebook_MSR_VTT/data/raw/video3661.jpg,a basketball player does a dunk,0.28119636
video2732,/workspace/Exposicion2/notebook_MSR_VTT/data/raw/video2732.jpg,a baseball player hits the ball,0.281784
video1949,/workspace/Exposicion2/notebook_MSR_VTT/data/raw/video1949.jpg,a comedic song about the houston texans football team,0.2827415
video3115,/workspace/Exposicion2/notebook_MSR_VTT/data/raw/video3115.jpg,there is man is practicing football and kick the ball to the court,0.28291085
video136,/workspace/Exposicion2/notebook_MSR_VTT/data/raw/video136.jpg,today were are talking about running downhill as we watch a bunch of people running,0.2841544
video2260,/workspace/Exposicion2/notebook_MSR_VTT/data/raw/video2260.jpg,a man in short red shorts tosses jalapenos through a tiny basketball hoop into a bowl of nachos,0.28432754
video3997,/workspace/Exposicion2/notebook_MSR_VTT/data/raw/video3997.jpg,a basketball player goes up for a dunk but gets rejected by the other team,0.28450817
video3802,/workspace/Exposicion2/notebook_MSR_VTT/data/raw/video3802.jpg,a basketball player shoots a layup,0.28597715
video3695,/workspace/Exposicion2/notebook_MSR_VTT/data/raw/video3695.jpg,a boy is about to play basketball with his two friends on an indoor court,0.28604123
video1585,/workspace/Exposicion2/notebook_MSR_VTT/data/raw/video1585.jpg,a crowd cheering while watching a football game,0.2865194
video1077,/workspace/Exposicion2/notebook_MSR_VTT/data/raw/video1077.jpg,a commercial for a soccer video game,0.28655785
video2597,/workspace/Exposicion2/notebook_MSR_VTT/data/raw/video2597.jpg,a golfer is walking away from the hole after he makes a put,0.28695905
video2685,/workspace/Exposicion2/notebook_MSR_VTT/data/raw/video2685.jpg,a compilation of a few different soccer games,0.2874659
video2038,/workspace/Exposicion2/notebook_MSR_VTT/data/raw/video2038.jpg,some screenshots of baseball players swinging bats,0.28770328
video3986,/workspace/Exposicion2/notebook_MSR_VTT/data/raw/video3986.jpg,a basketball player makes a slam dunk,0.289915
video2795,/workspace/Exposicion2/notebook_MSR_VTT/data/raw/video2795.jpg,a classroom scene from a movie that shows a guy freaking out and running away,0.29019216
video2634,/workspace/Exposicion2/notebook_MSR_VTT/data/raw/video2634.jpg,a man in a blue shirt is dribbling a basketball,0.29287198
video1329,/workspace/Exposicion2/notebook_MSR_VTT/data/raw/video1329.jpg,a basketball assist leads to a slam-dunk,0.29292002
video3826,/workspace/Exposicion2/notebook_MSR_VTT/data/raw/video3826.jpg,football teams throw the ball and run down the field before diving off the sideline,0.29362673
video157,/workspace/Exposicion2/notebook_MSR_VTT/data/raw/video157.jpg,a compilation of fight videos dance video and basketball footage with a rap music in the background,0.29364288
video1967,/workspace/Exposicion2/notebook_MSR_VTT/data/raw/video1967.jpg,a man with spiky hair talks with a news reporter about golf,0.29446518
video302,/workspace/Exposicion2/notebook_MSR_VTT/data/raw/video302.jpg,a man in a black uniform and bright orange tennis shoes kicks a soccer ball into a goal,0.29450184
video3120,/workspace/Exposicion2/notebook_MSR_VTT/data/raw/video3120.jpg,a man in black dress is saying something about table tennis game,0.29624838
video1930,/workspace/Exposicion2/notebook_MSR_VTT/data/raw/video1930.jpg,a baseball player hits a ball and it is out at first base,0.29703736
video3050,/workspace/Exposicion2/notebook_MSR_VTT/data/raw/video3050.jpg,a basketball player hitting a last second shot,0.29711726
video4025,/workspace/Exposicion2/notebook_MSR_VTT/data/raw/video4025.jpg,a fluffy white and brown dog carries a stick while running through the woods,0.29940206
video3160,/workspace/Exposicion2/notebook_MSR_VTT/data/raw/video3160.jpg,a clip from a football match,0.30057368
video2812,/workspace/Exposicion2/notebook_MSR_VTT/data/raw/video2812.jpg,a basketball game played by the clippers is shown briefly,0.30553567
video3925,/workspace/Exposicion2/notebook_MSR_VTT/data/raw/video3925.jpg,a basic animated clip of hockey and table tennis examples,0.3069937
video2525,/workspace/Exposicion2/notebook_MSR_VTT/data/raw/video2525.jpg,the woman players in red and black dress running fastly on the track,0.3072502
video1327,/workspace/Exposicion2/notebook_MSR_VTT/data/raw/video1327.jpg,a clip of a soccer match,0.30896252
video158,/workspace/Exposicion2/notebook_MSR_VTT/data/raw/video158.jpg,a football player is being interviewed on the field,0.31037095
video1002,/workspace/Exposicion2/notebook_MSR_VTT/data/raw/video1002.jpg,a baseball pitcher practicing his pitches,0.3135233
video2379,/workspace/Exposicion2/notebook_MSR_VTT/data/raw/video2379.jpg,two people playing table tennis game in front of the audience,0.31434545
video2347,/workspace/Exposicion2/notebook_MSR_VTT/data/raw/video2347.jpg,a female soccer goalie being interviewed by the press,0.31502026
video1667,/workspace/Exposicion2/notebook_MSR_VTT/data/raw/video1667.jpg,a basketball player does a slam dunk,0.31769866
video3368,/workspace/Exposicion2/notebook_MSR_VTT/data/raw/video3368.jpg,a woman is playing tennis on a stadium,0.31832075
video2856,/workspace/Exposicion2/notebook_MSR_VTT/data/raw/video2856.jpg,two beautiful girls swimming in the deep blue sea,0.32062373
video1536,/workspace/Exposicion2/notebook_MSR_VTT/data/raw/video1536.jpg,two extremely talented athletes are vying for the win in a table tennis match,0.33299118
video1397,/workspace/Exposicion2/notebook_MSR_VTT/data/raw/video1397.jpg,a dog is playing in a swimming pool with another dog,0.33541793
video279,/workspace/Exposicion2/notebook_MSR_VTT/data/raw/video279.jpg,a backstroke swimming competition,0.3375646
video1543,/workspace/Exposicion2/notebook_MSR_VTT/data/raw/video1543.jpg,a man in green t-shirt is practising his table tennis skills,0.34232086
video179,/workspace/Exposicion2/notebook_MSR_VTT/data/raw/video179.jpg,a girl in a soccer uniform confronts a guy on a soccer field,0.3430506
video1608,/workspace/Exposicion2/notebook_MSR_VTT/data/raw/video1608.jpg,there is going on a table tennis game between two people one is in yellow and the other is in red dressing,0.36263415
